ticker,sector
20MICRONS.NS,UNKNOWN
21STCENMGM.NS,UNKNOWN
360ONE.NS,FINANCIAL_SERVICES
3IINFOLTD.NS,UNKNOWN
3MINDIA.NS,DIVERSIFIED
3PLAND.NS,UNKNOWN
5PAISA.NS,UNKNOWN
63MOONS.NS,UNKNOWN
A2ZINFRA.NS,UNKNOWN
AAATECH.NS,UNKNOWN
AADHARHFC.NS,FINANCIAL_SERVICES
AAKASH.NS,UNKNOWN
AAREYDRUGS.NS,UNKNOWN
AARON.NS,UNKNOWN
AARTECH.NS,UNKNOWN
AARTIDRUGS.NS,UNKNOWN
AARTIIND.NS,CHEMICALS
AARTIPHARM.NS,UNKNOWN
AARTISURF.NS,UNKNOWN
AARVI.NS,UNKNOWN
AAVAS.NS,FINANCIAL_SERVICES
ABAN.NS,UNKNOWN
ABB.NS,CAPITAL_GOODS
ABBOTINDIA.NS,HEALTHCARE
ABCAPITAL.NS,FINANCIAL_SERVICES
ABCOTS.NS,UNKNOWN
ABDL.NS,UNKNOWN
ABFRL.NS,CONSUMER_SERVICES
ABINFRA.NS,UNKNOWN
ABLBL.NS,CONSUMER_SERVICES
ABMINTLLTD.NS,UNKNOWN
ABREL.NS,FOREST_MATERIALS
ABSLAMC.NS,FINANCIAL_SERVICES
ACC.NS,CONSTRUCTION_MATERIALS
ACCELYA.NS,UNKNOWN
ACCURACY.NS,UNKNOWN
ACE.NS,CAPITAL_GOODS
ACEINTEG.NS,UNKNOWN
ACI.NS,UNKNOWN
ACL.NS,UNKNOWN
ACMESOLAR.NS,POWER
ACUTAAS.NS,UNKNOWN
ADANIENSOL.NS,POWER
ADANIENT.NS,METALS_AND_MINING
ADANIGREEN.NS,POWER
ADANIPORTS.NS,SERVICES
ADANIPOWER.NS,POWER
ADFFOODS.NS,UNKNOWN
ADL.NS,UNKNOWN
ADOR.NS,UNKNOWN
ADROITINFO.NS,UNKNOWN
ADSL.NS,UNKNOWN
ADVANCE.NS,UNKNOWN
ADVANIHOTR.NS,UNKNOWN
ADVENTHTL.NS,CONSUMER_SERVICES
ADVENZYMES.NS,UNKNOWN
AEGISLOG.NS,OIL_GAS_AND_CONSUMABLE_FUELS
AEGISVOPAK.NS,OIL_GAS_AND_CONSUMABLE_FUELS
AEROENTER.NS,UNKNOWN
AEROFLEX.NS,UNKNOWN
AERONEU.NS,UNKNOWN
AETHER.NS,UNKNOWN
AFCONS.NS,CONSTRUCTION
AFFLE.NS,INFORMATION_TECHNOLOGY
AFFORDABLE.NS,UNKNOWN
AFIL.NS,UNKNOWN
AFSL.NS,UNKNOWN
AGARIND.NS,UNKNOWN
AGARWALEYE.NS,HEALTHCARE
AGI.NS,UNKNOWN
AGIIL.NS,UNKNOWN
AGRITECH.NS,UNKNOWN
AGROPHOS.NS,UNKNOWN
AGSTRA.NS,UNKNOWN
AHCL.NS,UNKNOWN
AHLADA.NS,UNKNOWN
AHLEAST.NS,UNKNOWN
AHLUCONT.NS,UNKNOWN
AIAENG.NS,CAPITAL_GOODS
AIIL.NS,FINANCIAL_SERVICES
AIRAN.NS,UNKNOWN
AIROLAM.NS,UNKNOWN
AJANTPHARM.NS,HEALTHCARE
AJAXENGG.NS,UNKNOWN
AJMERA.NS,UNKNOWN
AJOONI.NS,UNKNOWN
AKASH.NS,UNKNOWN
AKG.NS,UNKNOWN
AKI.NS,UNKNOWN
AKSHAR.NS,UNKNOWN
AKSHARCHEM.NS,UNKNOWN
AKSHOPTFBR.NS,UNKNOWN
AKUMS.NS,HEALTHCARE
AKZOINDIA.NS,CONSUMER_DURABLES
ALANKIT.NS,UNKNOWN
ALBERTDAVD.NS,UNKNOWN
ALEMBICLTD.NS,UNKNOWN
ALICON.NS,UNKNOWN
ALIVUS.NS,UNKNOWN
ALKALI.NS,UNKNOWN
ALKEM.NS,HEALTHCARE
ALKYLAMINE.NS,CHEMICALS
ALLCARGO.NS,UNKNOWN
ALLDIGI.NS,UNKNOWN
ALLTIME.NS,UNKNOWN
ALMONDZ.NS,UNKNOWN
ALOKINDS.NS,TEXTILES
ALPA.NS,UNKNOWN
ALPHAGEO.NS,UNKNOWN
ALPSINDUS.NS,UNKNOWN
AMANTA.NS,UNKNOWN
AMBER.NS,CONSUMER_DURABLES
AMBICAAGAR.NS,UNKNOWN
AMBIKCO.NS,UNKNOWN
AMBUJACEM.NS,CONSTRUCTION_MATERIALS
AMDIND.NS,UNKNOWN
AMJLAND.NS,UNKNOWN
AMNPLST.NS,UNKNOWN
AMRUTANJAN.NS,UNKNOWN
ANANDRATHI.NS,FINANCIAL_SERVICES
ANANTRAJ.NS,REALTY
ANDHRAPAP.NS,UNKNOWN
ANDHRSUGAR.NS,UNKNOWN
ANGELONE.NS,FINANCIAL_SERVICES
ANIKINDS.NS,UNKNOWN
ANKITMETAL.NS,UNKNOWN
ANMOL.NS,UNKNOWN
ANSALAPI.NS,UNKNOWN
ANTELOPUS.NS,UNKNOWN
ANTGRAPHIC.NS,UNKNOWN
ANTHEM.NS,UNKNOWN
ANUHPHR.NS,UNKNOWN
ANUP.NS,UNKNOWN
ANURAS.NS,UNKNOWN
APARINDS.NS,CAPITAL_GOODS
APCL.NS,UNKNOWN
APCOTEXIND.NS,UNKNOWN
APEX.NS,UNKNOWN
APLAPOLLO.NS,CAPITAL_GOODS
APLLTD.NS,HEALTHCARE
APOLLO.NS,UNKNOWN
APOLLOHOSP.NS,HEALTHCARE
APOLLOPIPE.NS,UNKNOWN
APOLLOTYRE.NS,AUTOMOBILE_AND_AUTO_COMPONENTS
APOLSINHOT.NS,UNKNOWN
APTECHT.NS,UNKNOWN
APTUS.NS,FINANCIAL_SERVICES
ARCHIDPLY.NS,UNKNOWN
ARCHIES.NS,UNKNOWN
ARE&M.NS,AUTOMOBILE_AND_AUTO_COMPONENTS
ARENTERP.NS,UNKNOWN
ARFIN.NS,UNKNOWN
ARIES.NS,UNKNOWN
ARIHANTCAP.NS,UNKNOWN
ARIHANTSUP.NS,UNKNOWN
ARISINFRA.NS,UNKNOWN
ARKADE.NS,UNKNOWN
ARMANFIN.NS,UNKNOWN
AROGRANITE.NS,UNKNOWN
ARROWGREEN.NS,UNKNOWN
ARSHIYA.NS,UNKNOWN
ARSSBL.NS,UNKNOWN
ARTEMISMED.NS,UNKNOWN
ARTNIRMAN.NS,UNKNOWN
ARVEE.NS,UNKNOWN
ARVIND.NS,UNKNOWN
ARVINDFASN.NS,UNKNOWN
ARVSMART.NS,UNKNOWN
ASAHIINDIA.NS,AUTOMOBILE_AND_AUTO_COMPONENTS
ASAHISONG.NS,UNKNOWN
ASAL.NS,UNKNOWN
ASALCBR.NS,UNKNOWN
ASHAPURMIN.NS,UNKNOWN
ASHIANA.NS,UNKNOWN
ASHIMASYN.NS,UNKNOWN
ASHOKA.NS,UNKNOWN
ASHOKAMET.NS,UNKNOWN
ASHOKLEY.NS,CAPITAL_GOODS
ASIANENE.NS,UNKNOWN
ASIANHOTNR.NS,UNKNOWN
ASIANPAINT.NS,CONSUMER_DURABLES
ASIANTILES.NS,UNKNOWN
ASKAUTOLTD.NS,UNKNOWN
ASMS.NS,UNKNOWN
ASPINWALL.NS,UNKNOWN
ASTEC.NS,UNKNOWN
ASTERDM.NS,HEALTHCARE
ASTRAL.NS,CAPITAL_GOODS
ASTRAMICRO.NS,UNKNOWN
ASTRAZEN.NS,HEALTHCARE
ASTRON.NS,UNKNOWN
ATALREAL.NS,UNKNOWN
ATAM.NS,UNKNOWN
ATGL.NS,OIL_GAS_AND_CONSUMABLE_FUELS
ATHERENERG.NS,AUTOMOBILE_AND_AUTO_COMPONENTS
ATL.NS,UNKNOWN
ATL-RE.NS,UNKNOWN
ATLANTAA.NS,UNKNOWN
ATLANTAELE.NS,UNKNOWN
ATLASCYCLE.NS,UNKNOWN
ATUL.NS,CHEMICALS
ATULAUTO.NS,UNKNOWN
AUBANK.NS,FINANCIAL_SERVICES
AURIGROW.NS,UNKNOWN
AURIONPRO.NS,UNKNOWN
AUROPHARMA.NS,HEALTHCARE
AURUM.NS,UNKNOWN
AUSOMENT.NS,UNKNOWN
AUTOAXLES.NS,UNKNOWN
AUTOIND.NS,UNKNOWN
AVADHSUGAR.NS,UNKNOWN
AVALON.NS,UNKNOWN
AVANTEL.NS,UNKNOWN
AVANTIFEED.NS,UNKNOWN
AVG.NS,UNKNOWN
AVL.NS,UNKNOWN
AVONMORE.NS,UNKNOWN
AVROIND.NS,UNKNOWN
AVTNPL.NS,UNKNOWN
AWFIS.NS,UNKNOWN
AWHCL.NS,UNKNOWN
AWL.NS,FAST_MOVING_CONSUMER_GOODS
AXISBANK.NS,FINANCIAL_SERVICES
AXISCADES.NS,UNKNOWN
AXITA.NS,UNKNOWN
AYMSYNTEX.NS,UNKNOWN
AZAD.NS,UNKNOWN
BAFNAPH.NS,UNKNOWN
BAGFILMS.NS,UNKNOWN
BAIDFIN.NS,UNKNOWN
BAJAJ-AUTO.NS,AUTOMOBILE_AND_AUTO_COMPONENTS
BAJAJCON.NS,UNKNOWN
BAJAJELEC.NS,UNKNOWN
BAJAJFINSV.NS,FINANCIAL_SERVICES
BAJAJHCARE.NS,UNKNOWN
BAJAJHFL.NS,FINANCIAL_SERVICES
BAJAJHIND.NS,UNKNOWN
BAJAJHLDNG.NS,FINANCIAL_SERVICES
BAJAJINDEF.NS,UNKNOWN
BAJEL.NS,UNKNOWN
BAJFINANCE.NS,FINANCIAL_SERVICES
BALAJEE.NS,UNKNOWN
BALAJITELE.NS,UNKNOWN
BALAMINES.NS,UNKNOWN
BALAXI.NS,UNKNOWN
BALKRISHNA.NS,UNKNOWN
BALKRISIND.NS,AUTOMOBILE_AND_AUTO_COMPONENTS
BALMLAWRIE.NS,UNKNOWN
BALPHARMA.NS,UNKNOWN
BALRAMCHIN.NS,FAST_MOVING_CONSUMER_GOODS
BALUFORGE.NS,UNKNOWN
BANARBEADS.NS,UNKNOWN
BANARISUG.NS,UNKNOWN
BANCOINDIA.NS,UNKNOWN
BANDHANBNK.NS,FINANCIAL_SERVICES
BANG.NS,UNKNOWN
BANKA.NS,UNKNOWN
BANKBARODA.NS,FINANCIAL_SERVICES
BANKINDIA.NS,FINANCIAL_SERVICES
BANSALWIRE.NS,UNKNOWN
BANSWRAS.NS,UNKNOWN
BASF.NS,CHEMICALS
BASML.NS,UNKNOWN
BATAINDIA.NS,CONSUMER_DURABLES
BAYERCROP.NS,CHEMICALS
BBL.NS,UNKNOWN
BBOX.NS,UNKNOWN
BBTC.NS,FAST_MOVING_CONSUMER_GOODS
BBTCL.NS,UNKNOWN
BCG.NS,UNKNOWN
BCLIND.NS,UNKNOWN
BCONCEPTS.NS,UNKNOWN
BDL.NS,CAPITAL_GOODS
BEARDSELL.NS,UNKNOWN
BECTORFOOD.NS,UNKNOWN
BEDMUTHA.NS,UNKNOWN
BEL.NS,CAPITAL_GOODS
BELLACASA.NS,UNKNOWN
BELRISE.NS,UNKNOWN
BEML.NS,CAPITAL_GOODS
BEPL.NS,UNKNOWN
BERGEPAINT.NS,CONSUMER_DURABLES
BESTAGRO.NS,UNKNOWN
BETA.NS,UNKNOWN
BFINVEST.NS,UNKNOWN
BFUTILITIE.NS,UNKNOWN
BGRENERGY.NS,UNKNOWN
BHAGCHEM.NS,UNKNOWN
BHAGERIA.NS,UNKNOWN
BHAGYANGR.NS,UNKNOWN
BHANDARI.NS,UNKNOWN
BHARATFORG.NS,AUTOMOBILE_AND_AUTO_COMPONENTS
BHARATGEAR.NS,UNKNOWN
BHARATRAS.NS,UNKNOWN
BHARATSE.NS,UNKNOWN
BHARATWIRE.NS,UNKNOWN
BHARTIARTL.NS,TELECOMMUNICATION
BHARTIHEXA.NS,TELECOMMUNICATION
BHEL.NS,CAPITAL_GOODS
BIGBLOC.NS,UNKNOWN
BIKAJI.NS,FAST_MOVING_CONSUMER_GOODS
BIL.NS,UNKNOWN
BILVYAPAR.NS,UNKNOWN
BIOCON.NS,HEALTHCARE
BIOFILCHEM.NS,UNKNOWN
BIRLACABLE.NS,UNKNOWN
BIRLACORPN.NS,UNKNOWN
BIRLAMONEY.NS,UNKNOWN
BIRLANU.NS,UNKNOWN
BLACKBUCK.NS,UNKNOWN
BLAL.NS,UNKNOWN
BLBLIMITED.NS,UNKNOWN
BLISSGVS.NS,UNKNOWN
BLKASHYAP.NS,UNKNOWN
BLS.NS,CONSUMER_SERVICES
BLSE.NS,UNKNOWN
BLUECOAST.NS,UNKNOWN
BLUEDART.NS,SERVICES
BLUEJET.NS,HEALTHCARE
BLUESTARCO.NS,CONSUMER_DURABLES
BLUESTONE.NS,UNKNOWN
BLUSPRING.NS,UNKNOWN
BMWVENTLTD.NS,UNKNOWN
BODALCHEM.NS,UNKNOWN
BOHRAIND.NS,UNKNOWN
BOMDYEING.NS,UNKNOWN
BORANA.NS,UNKNOWN
BOROLTD.NS,UNKNOWN
BORORENEW.NS,UNKNOWN
BOROSCI.NS,UNKNOWN
BOSCHLTD.NS,AUTOMOBILE_AND_AUTO_COMPONENTS
BPCL.NS,OIL_GAS_AND_CONSUMABLE_FUELS
BPL.NS,UNKNOWN
BRIGADE.NS,REALTY
BRIGHOTEL.NS,UNKNOWN
BRITANNIA.NS,FAST_MOVING_CONSUMER_GOODS
BRNL.NS,UNKNOWN
BROOKS.NS,UNKNOWN
BSE.NS,FINANCIAL_SERVICES
BSHSL.NS,UNKNOWN
BSL.NS,UNKNOWN
BSOFT.NS,INFORMATION_TECHNOLOGY
BTML.NS,UNKNOWN
BUTTERFLY.NS,UNKNOWN
BVCL.NS,UNKNOWN
BYKE.NS,UNKNOWN
CALSOFT.NS,UNKNOWN
CAMLINFINE.NS,UNKNOWN
CAMPUS.NS,CONSUMER_DURABLES
CAMS.NS,FINANCIAL_SERVICES
CANBK.NS,FINANCIAL_SERVICES
CANFINHOME.NS,FINANCIAL_SERVICES
CANHLIFE.NS,UNKNOWN
CANTABIL.NS,UNKNOWN
CAPACITE.NS,UNKNOWN
CAPILLARY.NS,UNKNOWN
CAPITALSFB.NS,UNKNOWN
CAPLIPOINT.NS,HEALTHCARE
CAPTRUST.NS,UNKNOWN
CARBORUNIV.NS,CAPITAL_GOODS
CARERATING.NS,UNKNOWN
CARRARO.NS,UNKNOWN
CARTRADE.NS,UNKNOWN
CARYSIL.NS,UNKNOWN
CASTROLIND.NS,OIL_GAS_AND_CONSUMABLE_FUELS
CCCL.NS,UNKNOWN
CCHHL.NS,UNKNOWN
CCL.NS,FAST_MOVING_CONSUMER_GOODS
CDSL.NS,FINANCIAL_SERVICES
CEATLTD.NS,AUTOMOBILE_AND_AUTO_COMPONENTS
CEIGALL.NS,UNKNOWN
CELEBRITY.NS,UNKNOWN
CELLO.NS,UNKNOWN
CEMPRO.NS,UNKNOWN
CENTENKA.NS,UNKNOWN
CENTEXT.NS,UNKNOWN
CENTRALBK.NS,FINANCIAL_SERVICES
CENTRUM.NS,UNKNOWN
CENTUM.NS,UNKNOWN
CENTURYPLY.NS,CONSUMER_DURABLES
CERA.NS,CONSUMER_DURABLES
CEREBRAINT.NS,UNKNOWN
CESC.NS,POWER
CEWATER.NS,UNKNOWN
CGCL.NS,FINANCIAL_SERVICES
CGPOWER.NS,CAPITAL_GOODS
CHALET.NS,CONSUMER_SERVICES
CHAMBLFERT.NS,CHEMICALS
CHEMBOND.NS,UNKNOWN
CHEMBONDCH.NS,UNKNOWN
CHEMCON.NS,UNKNOWN
CHEMFAB.NS,UNKNOWN
CHEMPLASTS.NS,UNKNOWN
CHENNPETRO.NS,OIL_GAS_AND_CONSUMABLE_FUELS
CHEVIOT.NS,UNKNOWN
CHOICEIN.NS,FINANCIAL_SERVICES
CHOLAFIN.NS,FINANCIAL_SERVICES
CHOLAHLDNG.NS,FINANCIAL_SERVICES
CIEINDIA.NS,UNKNOWN
CIFL.NS,UNKNOWN
CIGNITITEC.NS,UNKNOWN
CINELINE.NS,UNKNOWN
CINEVISTA.NS,UNKNOWN
CIPLA.NS,HEALTHCARE
CLEAN.NS,CHEMICALS
CLEDUCATE.NS,UNKNOWN
CLSEL.NS,UNKNOWN
CMSINFO.NS,UNKNOWN
COALINDIA.NS,OIL_GAS_AND_CONSUMABLE_FUELS
COASTCORP.NS,UNKNOWN
COCHINSHIP.NS,CAPITAL_GOODS
COFFEEDAY.NS,UNKNOWN
COFORGE.NS,INFORMATION_TECHNOLOGY
COHANCE.NS,HEALTHCARE
COLPAL.NS,FAST_MOVING_CONSUMER_GOODS
COMPINFO.NS,UNKNOWN
COMPUSOFT.NS,UNKNOWN
COMSYN.NS,UNKNOWN
CONCOR.NS,SERVICES
CONCORDBIO.NS,HEALTHCARE
CONFIPET.NS,UNKNOWN
CONSOFINVT.NS,UNKNOWN
CONTROLPR.NS,UNKNOWN
CORALFINAC.NS,UNKNOWN
CORDSCABLE.NS,UNKNOWN
COROMANDEL.NS,CHEMICALS
COSMOFIRST.NS,UNKNOWN
COUNCODOS.NS,UNKNOWN
CPCAP.NS,UNKNOWN
CPEDU.NS,UNKNOWN
CPPLUS.NS,UNKNOWN
CRAFTSMAN.NS,AUTOMOBILE_AND_AUTO_COMPONENTS
CRAMC.NS,UNKNOWN
CREATIVE.NS,UNKNOWN
CREATIVEYE.NS,UNKNOWN
CREDITACC.NS,FINANCIAL_SERVICES
CREST.NS,UNKNOWN
CRISIL.NS,FINANCIAL_SERVICES
CRIZAC.NS,UNKNOWN
CROMPTON.NS,CONSUMER_DURABLES
CROWN.NS,UNKNOWN
CSBBANK.NS,UNKNOWN
CSLFINANCE.NS,UNKNOWN
CTE.NS,UNKNOWN
CUB.NS,FINANCIAL_SERVICES
CUBEXTUB.NS,UNKNOWN
CUMMINSIND.NS,CAPITAL_GOODS
CUPID.NS,UNKNOWN
CURAA.NS,UNKNOWN
CYBERMEDIA.NS,UNKNOWN
CYBERTECH.NS,UNKNOWN
CYIENT.NS,INFORMATION_TECHNOLOGY
CYIENTDLM.NS,UNKNOWN
DABUR.NS,FAST_MOVING_CONSUMER_GOODS
DALBHARAT.NS,CONSTRUCTION_MATERIALS
DALMIASUG.NS,UNKNOWN
DAMCAPITAL.NS,UNKNOWN
DAMODARIND.NS,UNKNOWN
DANGEE.NS,UNKNOWN
DATAMATICS.NS,UNKNOWN
DATAPATTNS.NS,CAPITAL_GOODS
DAVANGERE.NS,UNKNOWN
DBCORP.NS,UNKNOWN
DBEIL.NS,UNKNOWN
DBL.NS,UNKNOWN
DBOL.NS,UNKNOWN
DBREALTY.NS,CONSUMER_SERVICES
DBSTOCKBRO.NS,UNKNOWN
DCAL.NS,UNKNOWN
DCBBANK.NS,UNKNOWN
DCI.NS,UNKNOWN
DCM.NS,UNKNOWN
DCMFINSERV.NS,UNKNOWN
DCMNVL.NS,UNKNOWN
DCMSHRIRAM.NS,DIVERSIFIED
DCMSRIND.NS,UNKNOWN
DCW.NS,UNKNOWN
DCXINDIA.NS,UNKNOWN
DDEVPLSTIK.NS,UNKNOWN
DECCANCE.NS,UNKNOWN
DEEDEV.NS,UNKNOWN
DEEPAKFERT.NS,CHEMICALS
DEEPAKNTR.NS,CHEMICALS
DEEPINDS.NS,UNKNOWN
DELHIVERY.NS,SERVICES
DELPHIFX.NS,UNKNOWN
DELTACORP.NS,UNKNOWN
DELTAMAGNT.NS,UNKNOWN
DEN.NS,UNKNOWN
DENORA.NS,UNKNOWN
DENTA.NS,UNKNOWN
DEVIT.NS,UNKNOWN
DEVX.NS,UNKNOWN
DEVYANI.NS,CONSUMER_SERVICES
DGCONTENT.NS,UNKNOWN
DHAMPURSUG.NS,UNKNOWN
DHANBANK.NS,UNKNOWN
DHANUKA.NS,UNKNOWN
DHARAN.NS,UNKNOWN
DHARMAJ.NS,UNKNOWN
DHRUV.NS,UNKNOWN
DHUNINV.NS,UNKNOWN
DIACABS.NS,UNKNOWN
DIAMINESQ.NS,UNKNOWN
DIAMONDYD.NS,UNKNOWN
DICIND.NS,UNKNOWN
DIFFNKG.NS,UNKNOWN
DIGIDRIVE.NS,UNKNOWN
DIGISPICE.NS,UNKNOWN
DIGITIDE.NS,UNKNOWN
DIL.NS,UNKNOWN
DISHTV.NS,UNKNOWN
DIVGIITTS.NS,UNKNOWN
DIVISLAB.NS,HEALTHCARE
DIXON.NS,CONSUMER_DURABLES
DJML.NS,UNKNOWN
DLF.NS,REALTY
DLINKINDIA.NS,UNKNOWN
DMART.NS,CONSUMER_SERVICES
DMCC.NS,UNKNOWN
DNAMEDIA.NS,UNKNOWN
DODLA.NS,UNKNOWN
DOLATALGO.NS,UNKNOWN
DOLLAR.NS,UNKNOWN
DOLPHIN.NS,UNKNOWN
DOMS.NS,FAST_MOVING_CONSUMER_GOODS
DONEAR.NS,UNKNOWN
DPABHUSHAN.NS,UNKNOWN
DPSCLTD.NS,UNKNOWN
DPWIRES.NS,UNKNOWN
DRCSYSTEMS.NS,UNKNOWN
DREAMFOLKS.NS,UNKNOWN
DREDGECORP.NS,UNKNOWN
DRREDDY.NS,HEALTHCARE
DSSL.NS,UNKNOWN
DTIL.NS,UNKNOWN
DUCON.NS,UNKNOWN
DVL.NS,UNKNOWN
DWARKESH.NS,UNKNOWN
DYCL.NS,UNKNOWN
DYNAMATECH.NS,UNKNOWN
DYNPRO.NS,UNKNOWN
E2E.NS,UNKNOWN
EASEMYTRIP.NS,UNKNOWN
EBGNG.NS,UNKNOWN
ECLERX.NS,SERVICES
ECOSMOBLTY.NS,UNKNOWN
EDELWEISS.NS,UNKNOWN
EFCIL.NS,UNKNOWN
EICHERMOT.NS,AUTOMOBILE_AND_AUTO_COMPONENTS
EIDPARRY.NS,FAST_MOVING_CONSUMER_GOODS
EIEL.NS,UNKNOWN
EIFFL.NS,UNKNOWN
EIHAHOTELS.NS,UNKNOWN
EIHOTEL.NS,CONSUMER_SERVICES
EIMCOELECO.NS,UNKNOWN
EKC.NS,UNKNOWN
ELDEHSG.NS,UNKNOWN
ELECON.NS,CAPITAL_GOODS
ELECTCAST.NS,UNKNOWN
ELECTHERM.NS,UNKNOWN
ELGIEQUIP.NS,CAPITAL_GOODS
ELGIRUBCO.NS,UNKNOWN
ELIN.NS,UNKNOWN
ELLEN.NS,UNKNOWN
EMAMILTD.NS,FAST_MOVING_CONSUMER_GOODS
EMAMIPAP.NS,UNKNOWN
EMAMIREAL.NS,UNKNOWN
EMBDL.NS,UNKNOWN
EMCURE.NS,HEALTHCARE
EMIL.NS,UNKNOWN
EMKAY.NS,UNKNOWN
EMMBI.NS,UNKNOWN
EMMVEE.NS,UNKNOWN
EMSLIMITED.NS,UNKNOWN
EMUDHRA.NS,UNKNOWN
ENDURANCE.NS,AUTOMOBILE_AND_AUTO_COMPONENTS
ENERGYDEV.NS,UNKNOWN
ENGINERSIN.NS,CONSTRUCTION
ENIL.NS,UNKNOWN
ENRIN.NS,CAPITAL_GOODS
ENTERO.NS,UNKNOWN
EPACK.NS,UNKNOWN
EPACKPEB.NS,UNKNOWN
EPIGRAL.NS,UNKNOWN
EPL.NS,UNKNOWN
EQUIPPP.NS,UNKNOWN
EQUITASBNK.NS,UNKNOWN
ERIS.NS,HEALTHCARE
ESABINDIA.NS,UNKNOWN
ESAFSFB.NS,UNKNOWN
ESCORTS.NS,CAPITAL_GOODS
ESSARSHPNG.NS,UNKNOWN
ESSENTIA.NS,UNKNOWN
ESTER.NS,UNKNOWN
ETERNAL.NS,CONSUMER_SERVICES
ETHOSLTD.NS,UNKNOWN
EUREKAFORB.NS,UNKNOWN
EUROBOND.NS,UNKNOWN
EUROPRATIK.NS,UNKNOWN
EVEREADY.NS,UNKNOWN
EVERESTIND.NS,UNKNOWN
EXCEL.NS,UNKNOWN
EXCELINDUS.NS,UNKNOWN
EXICOM.NS,UNKNOWN
EXIDEIND.NS,AUTOMOBILE_AND_AUTO_COMPONENTS
EXPLEOSOL.NS,UNKNOWN
EXXARO.NS,UNKNOWN
FABTECH.NS,UNKNOWN
FACT.NS,CHEMICALS
FAIRCHEMOR.NS,UNKNOWN
FAZE3Q.NS,UNKNOWN
FCL.NS,UNKNOWN
FCSSOFT.NS,UNKNOWN
FDC.NS,UNKNOWN
FEDERALBNK.NS,FINANCIAL_SERVICES
FEDFINA.NS,UNKNOWN
FEL.NS,UNKNOWN
FELDVR.NS,UNKNOWN
FIBERWEB.NS,UNKNOWN
FIEMIND.NS,UNKNOWN
FILATEX.NS,UNKNOWN
FILATFASH.NS,UNKNOWN
FINCABLES.NS,CAPITAL_GOODS
FINEORG.NS,UNKNOWN
FINKURVE.NS,UNKNOWN
FINOPB.NS,UNKNOWN
FINPIPE.NS,CAPITAL_GOODS
FIRSTCRY.NS,CONSUMER_SERVICES
FISCHER.NS,UNKNOWN
FIVESTAR.NS,FINANCIAL_SERVICES
FLAIR.NS,UNKNOWN
FLEXITUFF.NS,UNKNOWN
FLFL.NS,UNKNOWN
FLUOROCHEM.NS,CHEMICALS
FMGOETZE.NS,UNKNOWN
FMNL.NS,UNKNOWN
FOCUS.NS,UNKNOWN
FOODSIN.NS,UNKNOWN
FORCEMOT.NS,AUTOMOBILE_AND_AUTO_COMPONENTS
FORTIS.NS,HEALTHCARE
FOSECOIND.NS,UNKNOWN
FSL.NS,SERVICES
FUSION.NS,UNKNOWN
GABRIEL.NS,UNKNOWN
GAEL.NS,UNKNOWN
GAIL.NS,OIL_GAS_AND_CONSUMABLE_FUELS
GALAPREC.NS,UNKNOWN
GALAXYSURF.NS,UNKNOWN
GALLANTT.NS,UNKNOWN
GANDHAR.NS,UNKNOWN
GANDHITUBE.NS,UNKNOWN
GANECOS.NS,UNKNOWN
GANESHBE.NS,UNKNOWN
GANESHCP.NS,UNKNOWN
GANESHHOU.NS,UNKNOWN
GANGAFORGE.NS,UNKNOWN
GANGESSECU.NS,UNKNOWN
GARFIBRES.NS,UNKNOWN
GARUDA.NS,UNKNOWN
GATECH.NS,UNKNOWN
GATECHDVR.NS,UNKNOWN
GATEWAY.NS,UNKNOWN
GAYAHWS.NS,UNKNOWN
GCSL.NS,UNKNOWN
GEECEE.NS,UNKNOWN
GEEKAYWIRE.NS,UNKNOWN
GEMAROMA.NS,UNKNOWN
GENCON.NS,UNKNOWN
GENESYS.NS,UNKNOWN
GENSOL.NS,UNKNOWN
GENUSPAPER.NS,UNKNOWN
GENUSPOWER.NS,UNKNOWN
GEOJITFSL.NS,UNKNOWN
GESHIP.NS,SERVICES
GFLLIMITED.NS,UNKNOWN
GHCL.NS,UNKNOWN
GHCLTEXTIL.NS,UNKNOWN
GICHSGFIN.NS,UNKNOWN
GICRE.NS,FINANCIAL_SERVICES
GILLANDERS.NS,UNKNOWN
GILLETTE.NS,FAST_MOVING_CONSUMER_GOODS
GINNIFILA.NS,UNKNOWN
GIPCL.NS,UNKNOWN
GKENERGY.NS,UNKNOWN
GKWLIMITED.NS,UNKNOWN
GLAND.NS,HEALTHCARE
GLAXO.NS,HEALTHCARE
GLENMARK.NS,HEALTHCARE
GLOBAL.NS,UNKNOWN
GLOBALE.NS,UNKNOWN
GLOBALVECT.NS,UNKNOWN
GLOBE.NS,UNKNOWN
GLOBECIVIL.NS,UNKNOWN
GLOBUSSPR.NS,UNKNOWN
GLOSTERLTD.NS,UNKNOWN
GLOTTIS.NS,UNKNOWN
GMBREW.NS,UNKNOWN
GMDCLTD.NS,METALS_AND_MINING
GMMPFAUDLR.NS,UNKNOWN
GMRAIRPORT.NS,SERVICES
GMRP&UI.NS,UNKNOWN
GNA.NS,UNKNOWN
GNFC.NS,UNKNOWN
GOACARBON.NS,UNKNOWN
GOCLCORP.NS,UNKNOWN
GOCOLORS.NS,UNKNOWN
GODAVARIB.NS,UNKNOWN
GODFRYPHLP.NS,FAST_MOVING_CONSUMER_GOODS
GODIGIT.NS,FINANCIAL_SERVICES
GODREJAGRO.NS,FAST_MOVING_CONSUMER_GOODS
GODREJCP.NS,FAST_MOVING_CONSUMER_GOODS
GODREJIND.NS,DIVERSIFIED
GODREJPROP.NS,REALTY
GOKEX.NS,UNKNOWN
GOKUL.NS,UNKNOWN
GOKULAGRO.NS,UNKNOWN
GOLDENTOBC.NS,UNKNOWN
GOLDIAM.NS,UNKNOWN
GOLDTECH.NS,UNKNOWN
GOODLUCK.NS,UNKNOWN
GOPAL.NS,UNKNOWN
GOYALALUM.NS,UNKNOWN
GPIL.NS,CAPITAL_GOODS
GPPL.NS,UNKNOWN
GPTHEALTH.NS,UNKNOWN
GPTINFRA.NS,UNKNOWN
GRANULES.NS,HEALTHCARE
GRAPHITE.NS,CAPITAL_GOODS
GRASIM.NS,CONSTRUCTION_MATERIALS
GRAVITA.NS,METALS_AND_MINING
GREAVESCOT.NS,UNKNOWN
GREENLAM.NS,UNKNOWN
GREENPANEL.NS,UNKNOWN
GREENPLY.NS,UNKNOWN
GREENPOWER.NS,UNKNOWN
GRINDWELL.NS,UNKNOWN
GRINFRA.NS,UNKNOWN
GRMOVER.NS,UNKNOWN
GROBTEA.NS,UNKNOWN
GROWW.NS,UNKNOWN
GRPLTD.NS,UNKNOWN
GRSE.NS,CAPITAL_GOODS
GRWRHITECH.NS,UNKNOWN
GSFC.NS,UNKNOWN
GSLSU.NS,UNKNOWN
GSPL.NS,OIL_GAS_AND_CONSUMABLE_FUELS
GSS.NS,UNKNOWN
GTECJAINX.NS,UNKNOWN
GTL.NS,UNKNOWN
GTLINFRA.NS,UNKNOWN
GTPL.NS,UNKNOWN
GUFICBIO.NS,UNKNOWN
GUJALKALI.NS,UNKNOWN
GUJAPOLLO.NS,UNKNOWN
GUJGASLTD.NS,OIL_GAS_AND_CONSUMABLE_FUELS
GUJRAFFIA.NS,UNKNOWN
GUJTHEM.NS,UNKNOWN
GULFOILLUB.NS,UNKNOWN
GULFPETRO.NS,UNKNOWN
GULPOLY.NS,UNKNOWN
GVKPIL.NS,UNKNOWN
GVPIL.NS,UNKNOWN
GVPTECH.NS,UNKNOWN
GVT&D.NS,CAPITAL_GOODS
HAL.NS,CAPITAL_GOODS
HAPPSTMNDS.NS,INFORMATION_TECHNOLOGY
HAPPYFORGE.NS,UNKNOWN
HARDWYN.NS,UNKNOWN
HARIOMPIPE.NS,UNKNOWN
HARRMALAYA.NS,UNKNOWN
HARSHA.NS,UNKNOWN
HATHWAY.NS,UNKNOWN
HATSUN.NS,UNKNOWN
HAVELLS.NS,CONSUMER_DURABLES
HAVISHA.NS,UNKNOWN
HBLENGINE.NS,CAPITAL_GOODS
HBSL.NS,UNKNOWN
HCC.NS,UNKNOWN
HCG.NS,UNKNOWN
HCL-INSYS.NS,UNKNOWN
HCLTECH.NS,INFORMATION_TECHNOLOGY
HDBFS.NS,UNKNOWN
HDFCAMC.NS,FINANCIAL_SERVICES
HDFCBANK.NS,FINANCIAL_SERVICES
HDFCLIFE.NS,FINANCIAL_SERVICES
HDIL.NS,UNKNOWN
HEADSUP.NS,UNKNOWN
HECPROJECT.NS,UNKNOWN
HEG.NS,CAPITAL_GOODS
HEIDELBERG.NS,UNKNOWN
HEMIPROP.NS,UNKNOWN
HERANBA.NS,UNKNOWN
HERCULES.NS,UNKNOWN
HERITGFOOD.NS,UNKNOWN
HEROMOTOCO.NS,AUTOMOBILE_AND_AUTO_COMPONENTS
HESTERBIO.NS,UNKNOWN
HEUBACHIND.NS,UNKNOWN
HEXATRADEX.NS,UNKNOWN
HEXT.NS,INFORMATION_TECHNOLOGY
HFCL.NS,TELECOMMUNICATION
HGINFRA.NS,UNKNOWN
HGM.NS,UNKNOWN
HGS.NS,UNKNOWN
HIKAL.NS,UNKNOWN
HILINFRA.NS,UNKNOWN
HILTON.NS,UNKNOWN
HIMATSEIDE.NS,UNKNOWN
HINDALCO.NS,METALS_AND_MINING
HINDCOMPOS.NS,UNKNOWN
HINDCON.NS,UNKNOWN
HINDCOPPER.NS,METALS_AND_MINING
HINDOILEXP.NS,UNKNOWN
HINDPETRO.NS,OIL_GAS_AND_CONSUMABLE_FUELS
HINDUNILVR.NS,FAST_MOVING_CONSUMER_GOODS
HINDWAREAP.NS,UNKNOWN
HINDZINC.NS,METALS_AND_MINING
HIRECT.NS,UNKNOWN
HISARMETAL.NS,UNKNOWN
HITECH.NS,UNKNOWN
HITECHCORP.NS,UNKNOWN
HITECHGEAR.NS,UNKNOWN
HLEGLAS.NS,UNKNOWN
HLVLTD.NS,UNKNOWN
HMAAGRO.NS,UNKNOWN
HMT.NS,UNKNOWN
HMVL.NS,UNKNOWN
HNDFDS.NS,UNKNOWN
HOMEFIRST.NS,FINANCIAL_SERVICES
HONASA.NS,FAST_MOVING_CONSUMER_GOODS
HONAUT.NS,CAPITAL_GOODS
HONDAPOWER.NS,UNKNOWN
HPAL.NS,UNKNOWN
HPIL.NS,UNKNOWN
HPL.NS,UNKNOWN
HSCL.NS,CHEMICALS
HTMEDIA.NS,UNKNOWN
HUBTOWN.NS,UNKNOWN
HUDCO.NS,FINANCIAL_SERVICES
HUHTAMAKI.NS,UNKNOWN
HYBRIDFIN.NS,UNKNOWN
HYUNDAI.NS,AUTOMOBILE_AND_AUTO_COMPONENTS
ICDSLTD.NS,UNKNOWN
ICEMAKE.NS,UNKNOWN
ICICIBANK.NS,FINANCIAL_SERVICES
ICICIGI.NS,FINANCIAL_SERVICES
ICICIPRULI.NS,FINANCIAL_SERVICES
ICIL.NS,UNKNOWN
ICRA.NS,UNKNOWN
IDBI.NS,FINANCIAL_SERVICES
IDEA.NS,TELECOMMUNICATION
IDEAFORGE.NS,UNKNOWN
IDFCFIRSTB.NS,FINANCIAL_SERVICES
IEX.NS,FINANCIAL_SERVICES
IFBAGRO.NS,UNKNOWN
IFBIND.NS,UNKNOWN
IFCI.NS,FINANCIAL_SERVICES
IFGLEXPOR.NS,UNKNOWN
IGARASHI.NS,UNKNOWN
IGCL.NS,UNKNOWN
IGIL.NS,SERVICES
IGL.NS,OIL_GAS_AND_CONSUMABLE_FUELS
IGPL.NS,UNKNOWN
IIFL.NS,FINANCIAL_SERVICES
IIFLCAPS.NS,UNKNOWN
IITL.NS,UNKNOWN
IKIO.NS,UNKNOWN
IKS.NS,INFORMATION_TECHNOLOGY
IL&FSENGG.NS,UNKNOWN
IL&FSTRANS.NS,UNKNOWN
IMAGICAA.NS,UNKNOWN
IMFA.NS,UNKNOWN
IMPAL.NS,UNKNOWN
IMPEXFERRO.NS,UNKNOWN
INCREDIBLE.NS,UNKNOWN
INDBANK.NS,UNKNOWN
INDGN.NS,HEALTHCARE
INDHOTEL.NS,CONSUMER_SERVICES
INDIACEM.NS,CONSTRUCTION_MATERIALS
INDIAGLYCO.NS,UNKNOWN
INDIAMART.NS,CONSUMER_SERVICES
INDIANB.NS,FINANCIAL_SERVICES
INDIANCARD.NS,UNKNOWN
INDIANHUME.NS,UNKNOWN
INDIASHLTR.NS,UNKNOWN
INDIGO.NS,SERVICES
INDIGOPNTS.NS,UNKNOWN
INDIQUBE.NS,UNKNOWN
INDNIPPON.NS,UNKNOWN
INDOAMIN.NS,UNKNOWN
INDOBORAX.NS,UNKNOWN
INDOCO.NS,UNKNOWN
INDOFARM.NS,UNKNOWN
INDORAMA.NS,UNKNOWN
INDOSTAR.NS,UNKNOWN
INDOTECH.NS,UNKNOWN
INDOTHAI.NS,UNKNOWN
INDOUS.NS,UNKNOWN
INDOWIND.NS,UNKNOWN
INDRAMEDCO.NS,UNKNOWN
INDSWFTLAB.NS,UNKNOWN
INDTERRAIN.NS,UNKNOWN
INDUSINDBK.NS,FINANCIAL_SERVICES
INDUSTOWER.NS,TELECOMMUNICATION
INFIBEAM.NS,UNKNOWN
INFOBEAN.NS,UNKNOWN
INFOMEDIA.NS,UNKNOWN
INFY.NS,INFORMATION_TECHNOLOGY
INGERRAND.NS,UNKNOWN
INNOVACAP.NS,UNKNOWN
INNOVANA.NS,UNKNOWN
INOXGREEN.NS,UNKNOWN
INOXINDIA.NS,CAPITAL_GOODS
INOXWIND.NS,CAPITAL_GOODS
INSECTICID.NS,UNKNOWN
INSPIRISYS.NS,UNKNOWN
INTELLECT.NS,INFORMATION_TECHNOLOGY
INTENTECH.NS,UNKNOWN
INTERARCH.NS,UNKNOWN
INTLCONV.NS,UNKNOWN
INVENTURE.NS,UNKNOWN
IOB.NS,FINANCIAL_SERVICES
IOC.NS,OIL_GAS_AND_CONSUMABLE_FUELS
IOLCP.NS,UNKNOWN
IONEXCHANG.NS,UNKNOWN
IPCALAB.NS,HEALTHCARE
IPL.NS,UNKNOWN
IRB.NS,CONSTRUCTION
IRCON.NS,CONSTRUCTION
IRCTC.NS,CONSUMER_SERVICES
IREDA.NS,FINANCIAL_SERVICES
IRFC.NS,FINANCIAL_SERVICES
IRIS.NS,UNKNOWN
IRISDOREME.NS,UNKNOWN
IRMENERGY.NS,UNKNOWN
ISFT.NS,UNKNOWN
ISGEC.NS,UNKNOWN
ISHANCH.NS,UNKNOWN
ITC.NS,FAST_MOVING_CONSUMER_GOODS
ITCHOTELS.NS,CONSUMER_SERVICES
ITDC.NS,UNKNOWN
ITI.NS,TELECOMMUNICATION
IVALUE.NS,UNKNOWN
IVC.NS,UNKNOWN
IVP.NS,UNKNOWN
IXIGO.NS,UNKNOWN
IZMO.NS,UNKNOWN
J&KBANK.NS,FINANCIAL_SERVICES
JAGRAN.NS,UNKNOWN
JAGSNPHARM.NS,UNKNOWN
JAIBALAJI.NS,UNKNOWN
JAICORPLTD.NS,UNKNOWN
JAINREC.NS,UNKNOWN
JAIPURKURT.NS,UNKNOWN
JAMNAAUTO.NS,UNKNOWN
JARO.NS,UNKNOWN
JASH.NS,UNKNOWN
JAYAGROGN.NS,UNKNOWN
JAYBARMARU.NS,UNKNOWN
JAYNECOIND.NS,UNKNOWN
JAYSREETEA.NS,UNKNOWN
JBCHEPHARM.NS,HEALTHCARE
JBMA.NS,AUTOMOBILE_AND_AUTO_COMPONENTS
JCHAC.NS,UNKNOWN
JETFREIGHT.NS,UNKNOWN
JGCHEM.NS,UNKNOWN
JHS.NS,UNKNOWN
JINDALPHOT.NS,UNKNOWN
JINDALPOLY.NS,UNKNOWN
JINDALSAW.NS,CAPITAL_GOODS
JINDALSTEL.NS,METALS_AND_MINING
JINDRILL.NS,UNKNOWN
JINDWORLD.NS,UNKNOWN
JIOFIN.NS,FINANCIAL_SERVICES
JISLDVREQS.NS,UNKNOWN
JISLJALEQS.NS,UNKNOWN
JITFINFRA.NS,UNKNOWN
JKCEMENT.NS,CONSTRUCTION_MATERIALS
JKIL.NS,UNKNOWN
JKIPL.NS,UNKNOWN
JKLAKSHMI.NS,UNKNOWN
JKPAPER.NS,UNKNOWN
JKTYRE.NS,AUTOMOBILE_AND_AUTO_COMPONENTS
JLHL.NS,UNKNOWN
JMA.NS,UNKNOWN
JMFINANCIL.NS,FINANCIAL_SERVICES
JNKINDIA.NS,UNKNOWN
JOCIL.NS,UNKNOWN
JPOLYINVST.NS,UNKNOWN
JPPOWER.NS,POWER
JSFB.NS,UNKNOWN
JSL.NS,METALS_AND_MINING
JSLL.NS,UNKNOWN
JSWCEMENT.NS,UNKNOWN
JSWENERGY.NS,POWER
JSWHL.NS,UNKNOWN
JSWINFRA.NS,SERVICES
JSWSTEEL.NS,METALS_AND_MINING
JTEKTINDIA.NS,UNKNOWN
JTLIND.NS,UNKNOWN
JUBLCPL.NS,UNKNOWN
JUBLFOOD.NS,CONSUMER_SERVICES
JUBLINGREA.NS,CHEMICALS
JUBLPHARMA.NS,HEALTHCARE
JUNIPER.NS,UNKNOWN
JUSTDIAL.NS,UNKNOWN
JWL.NS,CAPITAL_GOODS
JYOTHYLAB.NS,FAST_MOVING_CONSUMER_GOODS
JYOTICNC.NS,CAPITAL_GOODS
JYOTISTRUC.NS,UNKNOWN
KABRAEXTRU.NS,UNKNOWN
KAJARIACER.NS,CONSUMER_DURABLES
KAKATCEM.NS,UNKNOWN
KALAMANDIR.NS,UNKNOWN
KALPATARU.NS,UNKNOWN
KALYANI.NS,UNKNOWN
KALYANIFRG.NS,UNKNOWN
KALYANKJIL.NS,CONSUMER_DURABLES
KAMATHOTEL.NS,UNKNOWN
KAMDHENU.NS,UNKNOWN
KAMOPAINTS.NS,UNKNOWN
KANANIIND.NS,UNKNOWN
KANORICHEM.NS,UNKNOWN
KANPRPLA.NS,UNKNOWN
KANSAINER.NS,UNKNOWN
KAPSTON.NS,UNKNOWN
KARMAENG.NS,UNKNOWN
KARURVYSYA.NS,FINANCIAL_SERVICES
KAUSHALYA.NS,UNKNOWN
KAVDEFENCE.NS,UNKNOWN
KAYA.NS,UNKNOWN
KAYNES.NS,CAPITAL_GOODS
KCP.NS,UNKNOWN
KCPSUGIND.NS,UNKNOWN
KDDL.NS,UNKNOWN
KEC.NS,CONSTRUCTION
KECL.NS,UNKNOWN
KEEPLEARN.NS,UNKNOWN
KEI.NS,CAPITAL_GOODS
KELLTONTEC.NS,UNKNOWN
KERNEX.NS,UNKNOWN
KESORAMIND.NS,UNKNOWN
KEYFINSERV.NS,UNKNOWN
KFINTECH.NS,FINANCIAL_SERVICES
KHADIM.NS,UNKNOWN
KHAICHEM.NS,UNKNOWN
KHAITANLTD.NS,UNKNOWN
KHANDSE.NS,UNKNOWN
KICL.NS,UNKNOWN
KILITCH.NS,UNKNOWN
KIMS.NS,HEALTHCARE
KINGFA.NS,UNKNOWN
KIOCL.NS,UNKNOWN
KIRIINDUS.NS,UNKNOWN
KIRLOSBROS.NS,CAPITAL_GOODS
KIRLOSENG.NS,CAPITAL_GOODS
KIRLOSIND.NS,UNKNOWN
KIRLPNU.NS,UNKNOWN
KITEX.NS,UNKNOWN
KKCL.NS,UNKNOWN
KMEW.NS,UNKNOWN
KMSUGAR.NS,UNKNOWN
KNRCON.NS,UNKNOWN
KOHINOOR.NS,UNKNOWN
KOKUYOCMLN.NS,UNKNOWN
KOLTEPATIL.NS,UNKNOWN
KOPRAN.NS,UNKNOWN
KOTAKBANK.NS,FINANCIAL_SERVICES
KOTARISUG.NS,UNKNOWN
KOTHARIPET.NS,UNKNOWN
KOTHARIPRO.NS,UNKNOWN
KPEL.NS,UNKNOWN
KPIGREEN.NS,UNKNOWN
KPIL.NS,CONSTRUCTION
KPITTECH.NS,INFORMATION_TECHNOLOGY
KPRMILL.NS,TEXTILES
KRBL.NS,UNKNOWN
KREBSBIO.NS,UNKNOWN
KRIDHANINF.NS,UNKNOWN
KRISHANA.NS,UNKNOWN
KRISHIVAL.NS,UNKNOWN
KRITI.NS,UNKNOWN
KRITIKA.NS,UNKNOWN
KRITINUT.NS,UNKNOWN
KRN.NS,UNKNOWN
KRONOX.NS,UNKNOWN
KROSS.NS,UNKNOWN
KRSNAA.NS,UNKNOWN
KRYSTAL.NS,UNKNOWN
KSB.NS,CAPITAL_GOODS
KSCL.NS,UNKNOWN
KSHITIJPOL.NS,UNKNOWN
KSL.NS,UNKNOWN
KSOLVES.NS,UNKNOWN
KTKBANK.NS,UNKNOWN
KUANTUM.NS,UNKNOWN
LAGNAM.NS,UNKNOWN
LAKPRE.NS,UNKNOWN
LAL.NS,UNKNOWN
LALPATHLAB.NS,HEALTHCARE
LAMBODHARA.NS,UNKNOWN
LANCORHOL.NS,UNKNOWN
LANDMARK.NS,UNKNOWN
LAOPALA.NS,UNKNOWN
LASA.NS,UNKNOWN
LATENTVIEW.NS,INFORMATION_TECHNOLOGY
LATTEYS.NS,UNKNOWN
LAURUSLABS.NS,HEALTHCARE
LAXMICOT.NS,UNKNOWN
LAXMIDENTL.NS,UNKNOWN
LAXMIINDIA.NS,UNKNOWN
LCCINFOTEC.NS,UNKNOWN
LEMONTREE.NS,CONSUMER_SERVICES
LENSKART.NS,UNKNOWN
LEXUS.NS,UNKNOWN
LFIC.NS,UNKNOWN
LGBBROSLTD.NS,UNKNOWN
LGEINDIA.NS,UNKNOWN
LGHL.NS,UNKNOWN
LIBAS.NS,UNKNOWN
LIBERTSHOE.NS,UNKNOWN
LICHSGFIN.NS,FINANCIAL_SERVICES
LICI.NS,FINANCIAL_SERVICES
LIKHITHA.NS,UNKNOWN
LINC.NS,UNKNOWN
LINCOLN.NS,UNKNOWN
LINDEINDIA.NS,CHEMICALS
LLOYDSENGG.NS,UNKNOWN
LLOYDSENT.NS,UNKNOWN
LLOYDSME.NS,METALS_AND_MINING
LMW.NS,UNKNOWN
LODHA.NS,REALTY
LOKESHMACH.NS,UNKNOWN
LORDSCHLO.NS,UNKNOWN
LOTUSDEV.NS,UNKNOWN
LOTUSEYE.NS,UNKNOWN
LOVABLE.NS,UNKNOWN
LOYALTEX.NS,UNKNOWN
LPDC.NS,UNKNOWN
LT.NS,CONSTRUCTION
LTF.NS,FINANCIAL_SERVICES
LTFOODS.NS,FAST_MOVING_CONSUMER_GOODS
LTIM.NS,INFORMATION_TECHNOLOGY
LTTS.NS,INFORMATION_TECHNOLOGY
LUMAXIND.NS,UNKNOWN
LUMAXTECH.NS,UNKNOWN
LUPIN.NS,HEALTHCARE
LUXIND.NS,UNKNOWN
LXCHEM.NS,UNKNOWN
LYKALABS.NS,UNKNOWN
LYPSAGEMS.NS,UNKNOWN
M&M.NS,AUTOMOBILE_AND_AUTO_COMPONENTS
M&MFIN.NS,FINANCIAL_SERVICES
MAANALU.NS,UNKNOWN
MACPOWER.NS,UNKNOWN
MADHAV.NS,UNKNOWN
MADHUCON.NS,UNKNOWN
MADRASFERT.NS,UNKNOWN
MAGADSUGAR.NS,UNKNOWN
MAGNUM.NS,UNKNOWN
MAHABANK.NS,FINANCIAL_SERVICES
MAHAPEXLTD.NS,UNKNOWN
MAHASTEEL.NS,UNKNOWN
MAHEPC.NS,UNKNOWN
MAHESHWARI.NS,UNKNOWN
MAHLIFE.NS,UNKNOWN
MAHLOG.NS,UNKNOWN
MAHSCOOTER.NS,FINANCIAL_SERVICES
MAHSEAMLES.NS,CAPITAL_GOODS
MAITHANALL.NS,UNKNOWN
MALLCOM.NS,UNKNOWN
MALUPAPER.NS,UNKNOWN
MAMATA.NS,UNKNOWN
MANAKALUCO.NS,UNKNOWN
MANAKCOAT.NS,UNKNOWN
MANAKSIA.NS,UNKNOWN
MANAKSTEEL.NS,UNKNOWN
MANALIPETC.NS,UNKNOWN
MANAPPURAM.NS,FINANCIAL_SERVICES
MANBA.NS,UNKNOWN
MANCREDIT.NS,UNKNOWN
MANGALAM.NS,UNKNOWN
MANGLMCEM.NS,UNKNOWN
MANINDS.NS,UNKNOWN
MANINFRA.NS,UNKNOWN
MANKIND.NS,HEALTHCARE
MANOMAY.NS,UNKNOWN
MANORAMA.NS,UNKNOWN
MANORG.NS,UNKNOWN
MANUGRAPH.NS,UNKNOWN
MANYAVAR.NS,CONSUMER_SERVICES
MAPMYINDIA.NS,INFORMATION_TECHNOLOGY
MARALOVER.NS,UNKNOWN
MARATHON.NS,UNKNOWN
MARICO.NS,FAST_MOVING_CONSUMER_GOODS
MARINE.NS,UNKNOWN
MARKOLINES.NS,UNKNOWN
MARKSANS.NS,UNKNOWN
MARUTI.NS,AUTOMOBILE_AND_AUTO_COMPONENTS
MASFIN.NS,UNKNOWN
MASKINVEST.NS,UNKNOWN
MASTEK.NS,UNKNOWN
MASTERTR.NS,UNKNOWN
MATRIMONY.NS,UNKNOWN
MAWANASUG.NS,UNKNOWN
MAXESTATES.NS,UNKNOWN
MAXHEALTH.NS,HEALTHCARE
MAXIND.NS,UNKNOWN
MAYURUNIQ.NS,UNKNOWN
MAZDA.NS,UNKNOWN
MAZDOCK.NS,CAPITAL_GOODS
MBAPL.NS,UNKNOWN
MBEL.NS,UNKNOWN
MBLINFRA.NS,UNKNOWN
MCL.NS,UNKNOWN
MCLEODRUSS.NS,UNKNOWN
MCLOUD.NS,UNKNOWN
MCX.NS,FINANCIAL_SERVICES
MEDANTA.NS,HEALTHCARE
MEDIASSIST.NS,UNKNOWN
MEDICAMEQ.NS,UNKNOWN
MEDICO.NS,UNKNOWN
MEDPLUS.NS,UNKNOWN
MEGASOFT.NS,UNKNOWN
MEGASTAR.NS,UNKNOWN
MEIL.NS,UNKNOWN
MENONBE.NS,UNKNOWN
MEP.NS,UNKNOWN
METROBRAND.NS,UNKNOWN
METROPOLIS.NS,HEALTHCARE
MFML.NS,UNKNOWN
MFSL.NS,FINANCIAL_SERVICES
MGEL.NS,UNKNOWN
MGL.NS,OIL_GAS_AND_CONSUMABLE_FUELS
MHLXMIRU.NS,UNKNOWN
MHRIL.NS,UNKNOWN
MICEL.NS,UNKNOWN
MIDHANI.NS,UNKNOWN
MIDWESTLTD.NS,UNKNOWN
MINDACORP.NS,AUTOMOBILE_AND_AUTO_COMPONENTS
MINDTECK.NS,UNKNOWN
MIRCELECTR.NS,UNKNOWN
MIRZAINT.NS,UNKNOWN
MITCON.NS,UNKNOWN
MITTAL.NS,UNKNOWN
MKPL.NS,UNKNOWN
MMFL.NS,UNKNOWN
MMP.NS,UNKNOWN
MMTC.NS,SERVICES
MOBIKWIK.NS,UNKNOWN
MODIRUBBER.NS,UNKNOWN
MODIS.NS,UNKNOWN
MODISONLTD.NS,UNKNOWN
MODTHREAD.NS,UNKNOWN
MOHITIND.NS,UNKNOWN
MOIL.NS,UNKNOWN
MOKSH.NS,UNKNOWN
MOL.NS,UNKNOWN
MOLDTECH.NS,UNKNOWN
MOLDTKPAC.NS,UNKNOWN
MONARCH.NS,UNKNOWN
MONEYBOXX.NS,UNKNOWN
MONTECARLO.NS,UNKNOWN
MORARJEE.NS,UNKNOWN
MOREPENLAB.NS,UNKNOWN
MOSCHIP.NS,UNKNOWN
MOTHERSON.NS,AUTOMOBILE_AND_AUTO_COMPONENTS
MOTILALOFS.NS,FINANCIAL_SERVICES
MOTISONS.NS,UNKNOWN
MOTOGENFIN.NS,UNKNOWN
MPHASIS.NS,INFORMATION_TECHNOLOGY
MPSLTD.NS,UNKNOWN
MRF.NS,AUTOMOBILE_AND_AUTO_COMPONENTS
MRPL.NS,OIL_GAS_AND_CONSUMABLE_FUELS
MSPL.NS,UNKNOWN
MSTCLTD.NS,UNKNOWN
MSUMI.NS,AUTOMOBILE_AND_AUTO_COMPONENTS
MTARTECH.NS,UNKNOWN
MTEDUCARE.NS,UNKNOWN
MTNL.NS,UNKNOWN
MUFIN.NS,UNKNOWN
MUFTI.NS,UNKNOWN
MUKANDLTD.NS,UNKNOWN
MUKKA.NS,UNKNOWN
MUKTAARTS.NS,UNKNOWN
MUNJALAU.NS,UNKNOWN
MUNJALSHOW.NS,UNKNOWN
MURUDCERA.NS,UNKNOWN
MUTHOOTCAP.NS,UNKNOWN
MUTHOOTFIN.NS,FINANCIAL_SERVICES
MUTHOOTMF.NS,UNKNOWN
MVGJL.NS,UNKNOWN
MWL.NS,UNKNOWN
NACLIND.NS,UNKNOWN
NAGAFERT.NS,UNKNOWN
NAGREEKCAP.NS,UNKNOWN
NAGREEKEXP.NS,UNKNOWN
NAHARCAP.NS,UNKNOWN
NAHARINDUS.NS,UNKNOWN
NAHARPOLY.NS,UNKNOWN
NAHARSPING.NS,UNKNOWN
NAM-INDIA.NS,FINANCIAL_SERVICES
NARMADA.NS,UNKNOWN
NATCAPSUQ.NS,UNKNOWN
NATCOPHARM.NS,HEALTHCARE
NATHBIOGEN.NS,UNKNOWN
NATIONALUM.NS,METALS_AND_MINING
NAUKRI.NS,CONSUMER_SERVICES
NAVA.NS,POWER
NAVINFLUOR.NS,CHEMICALS
NAVKARCORP.NS,UNKNOWN
NAVKARURB.NS,UNKNOWN
NAVNETEDUL.NS,UNKNOWN
NAZARA.NS,UNKNOWN
NBCC.NS,CONSTRUCTION
NBIFIN.NS,UNKNOWN
NCC.NS,CONSTRUCTION
NCLIND.NS,UNKNOWN
NDGL.NS,UNKNOWN
NDL.NS,UNKNOWN
NDLVENTURE.NS,UNKNOWN
NDRAUTO.NS,UNKNOWN
NDTV.NS,UNKNOWN
NECCLTD.NS,UNKNOWN
NECLIFE.NS,UNKNOWN
NELCAST.NS,UNKNOWN
NELCO.NS,UNKNOWN
NEOGEN.NS,UNKNOWN
NESCO.NS,UNKNOWN
NESTLEIND.NS,FAST_MOVING_CONSUMER_GOODS
NETWEB.NS,INFORMATION_TECHNOLOGY
NETWORK18.NS,UNKNOWN
NEULANDLAB.NS,HEALTHCARE
NEWGEN.NS,INFORMATION_TECHNOLOGY
NEXTMEDIA.NS,UNKNOWN
NFL.NS,UNKNOWN
NGIL.NS,UNKNOWN
NGLFINE.NS,UNKNOWN
NH.NS,HEALTHCARE
NHPC.NS,POWER
NIACL.NS,FINANCIAL_SERVICES
NIBE.NS,UNKNOWN
NIBL.NS,UNKNOWN
NIITLTD.NS,UNKNOWN
NIITMTS.NS,UNKNOWN
NILAINFRA.NS,UNKNOWN
NILASPACES.NS,UNKNOWN
NILKAMAL.NS,UNKNOWN
NINSYS.NS,UNKNOWN
NIPPOBATRY.NS,UNKNOWN
NIRAJ.NS,UNKNOWN
NIRAJISPAT.NS,UNKNOWN
NITCO.NS,UNKNOWN
NITINSPIN.NS,UNKNOWN
NITIRAJ.NS,UNKNOWN
NIVABUPA.NS,FINANCIAL_SERVICES
NKIND.NS,UNKNOWN
NLCINDIA.NS,POWER
NMDC.NS,METALS_AND_MINING
NOCIL.NS,UNKNOWN
NOIDATOLL.NS,UNKNOWN
NORBTEAEXP.NS,UNKNOWN
NORTHARC.NS,UNKNOWN
NOVAAGRI.NS,UNKNOWN
NPST.NS,UNKNOWN
NRAIL.NS,UNKNOWN
NRBBEARING.NS,UNKNOWN
NRL.NS,UNKNOWN
NSIL.NS,UNKNOWN
NSLNISP.NS,METALS_AND_MINING
NTPC.NS,POWER
NTPCGREEN.NS,POWER
NUCLEUS.NS,UNKNOWN
NURECA.NS,UNKNOWN
NUVAMA.NS,FINANCIAL_SERVICES
NUVOCO.NS,CONSTRUCTION_MATERIALS
NYKAA.NS,CONSUMER_SERVICES
OAL.NS,UNKNOWN
OBCL.NS,UNKNOWN
OBEROIRLTY.NS,REALTY
OCCLLTD.NS,UNKNOWN
ODIGMA.NS,UNKNOWN
OFSS.NS,INFORMATION_TECHNOLOGY
OIL.NS,OIL_GAS_AND_CONSUMABLE_FUELS
OILCOUNTUB.NS,UNKNOWN
OLAELEC.NS,AUTOMOBILE_AND_AUTO_COMPONENTS
OLECTRA.NS,AUTOMOBILE_AND_AUTO_COMPONENTS
OMAXAUTO.NS,UNKNOWN
OMAXE.NS,UNKNOWN
OMFREIGHT.NS,UNKNOWN
OMINFRAL.NS,UNKNOWN
OMKARCHEM.NS,UNKNOWN
ONELIFECAP.NS,UNKNOWN
ONEPOINT.NS,UNKNOWN
ONESOURCE.NS,HEALTHCARE
ONGC.NS,OIL_GAS_AND_CONSUMABLE_FUELS
ONMOBILE.NS,UNKNOWN
ONWARDTEC.NS,UNKNOWN
OPTIEMUS.NS,UNKNOWN
ORBTEXP.NS,UNKNOWN
ORCHASP.NS,UNKNOWN
ORCHPHARMA.NS,UNKNOWN
ORICONENT.NS,UNKNOWN
ORIENTALTL.NS,UNKNOWN
ORIENTBELL.NS,UNKNOWN
ORIENTCEM.NS,UNKNOWN
ORIENTCER.NS,UNKNOWN
ORIENTELEC.NS,UNKNOWN
ORIENTHOT.NS,UNKNOWN
ORIENTLTD.NS,UNKNOWN
ORIENTPPR.NS,UNKNOWN
ORIENTTECH.NS,UNKNOWN
ORISSAMINE.NS,UNKNOWN
ORKLAINDIA.NS,UNKNOWN
ORTEL.NS,UNKNOWN
ORTINGLOBE.NS,UNKNOWN
OSIAHYPER.NS,UNKNOWN
OSWALAGRO.NS,UNKNOWN
OSWALGREEN.NS,UNKNOWN
OSWALPUMPS.NS,UNKNOWN
OSWALSEEDS.NS,UNKNOWN
PACEDIGITK.NS,UNKNOWN
PAGEIND.NS,TEXTILES
PAISALO.NS,UNKNOWN
PAKKA.NS,UNKNOWN
PALASHSECU.NS,UNKNOWN
PALREDTEC.NS,UNKNOWN
PANACEABIO.NS,UNKNOWN
PANACHE.NS,UNKNOWN
PANAMAPET.NS,UNKNOWN
PANSARI.NS,UNKNOWN
PAR.NS,UNKNOWN
PARACABLES.NS,UNKNOWN
PARADEEP.NS,UNKNOWN
PARAGMILK.NS,UNKNOWN
PARAS.NS,UNKNOWN
PARASPETRO.NS,UNKNOWN
PARKHOTELS.NS,UNKNOWN
PARSVNATH.NS,UNKNOWN
PASHUPATI.NS,UNKNOWN
PASUPTAC.NS,UNKNOWN
PATANJALI.NS,FAST_MOVING_CONSUMER_GOODS
PATELENG.NS,UNKNOWN
PATELRMART.NS,UNKNOWN
PATINTLOG.NS,UNKNOWN
PAVNAIND.NS,UNKNOWN
PAYTM.NS,FINANCIAL_SERVICES
PCBL.NS,CHEMICALS
PCJEWELLER.NS,UNKNOWN
PDMJEPAPER.NS,UNKNOWN
PDSL.NS,UNKNOWN
PEARLPOLY.NS,UNKNOWN
PENIND.NS,UNKNOWN
PENINLAND.NS,UNKNOWN
PERSISTENT.NS,INFORMATION_TECHNOLOGY
PETRONET.NS,OIL_GAS_AND_CONSUMABLE_FUELS
PFC.NS,FINANCIAL_SERVICES
PFIZER.NS,HEALTHCARE
PFOCUS.NS,UNKNOWN
PFS.NS,UNKNOWN
PGEL.NS,CONSUMER_DURABLES
PGHH.NS,FAST_MOVING_CONSUMER_GOODS
PGHL.NS,UNKNOWN
PGIL.NS,UNKNOWN
PHOENIXLTD.NS,REALTY
PICCADIL.NS,UNKNOWN
PIDILITIND.NS,CHEMICALS
PIGL.NS,UNKNOWN
PIIND.NS,CHEMICALS
PILANIINVS.NS,UNKNOWN
PILITA.NS,UNKNOWN
PINELABS.NS,UNKNOWN
PIONEEREMB.NS,UNKNOWN
PIRAMALFIN.NS,UNKNOWN
PITTIENG.NS,UNKNOWN
PIXTRANS.NS,UNKNOWN
PKTEA.NS,UNKNOWN
PLASTIBLEN.NS,UNKNOWN
PLATIND.NS,UNKNOWN
PLAZACABLE.NS,UNKNOWN
PNB.NS,FINANCIAL_SERVICES
PNBGILTS.NS,UNKNOWN
PNBHOUSING.NS,FINANCIAL_SERVICES
PNC.NS,UNKNOWN
PNCINFRA.NS,UNKNOWN
PNGJL.NS,UNKNOWN
POCL.NS,UNKNOWN
PODDARMENT.NS,UNKNOWN
POKARNA.NS,UNKNOWN
POLICYBZR.NS,FINANCIAL_SERVICES
POLYCAB.NS,CAPITAL_GOODS
POLYMED.NS,HEALTHCARE
POLYPLEX.NS,UNKNOWN
PONNIERODE.NS,UNKNOWN
POONAWALLA.NS,FINANCIAL_SERVICES
POWERGRID.NS,POWER
POWERINDIA.NS,CAPITAL_GOODS
POWERMECH.NS,UNKNOWN
PPAP.NS,UNKNOWN
PPL.NS,UNKNOWN
PPLPHARMA.NS,HEALTHCARE
PRABHA.NS,UNKNOWN
PRAENG.NS,UNKNOWN
PRAJIND.NS,CAPITAL_GOODS
PRAKASH.NS,UNKNOWN
PRAKASHSTL.NS,UNKNOWN
PRAXIS.NS,UNKNOWN
PRECAM.NS,UNKNOWN
PRECOT.NS,UNKNOWN
PRECWIRE.NS,UNKNOWN
PREMEXPLN.NS,UNKNOWN
PREMIER.NS,UNKNOWN
PREMIERENE.NS,CAPITAL_GOODS
PREMIERPOL.NS,UNKNOWN
PRESTIGE.NS,REALTY
PRICOLLTD.NS,UNKNOWN
PRIMESECU.NS,UNKNOWN
PRIMO.NS,UNKNOWN
PRINCEPIPE.NS,UNKNOWN
PRITI.NS,UNKNOWN
PRITIKAUTO.NS,UNKNOWN
PRIVISCL.NS,UNKNOWN
PROSTARM.NS,UNKNOWN
PROTEAN.NS,UNKNOWN
PROZONER.NS,UNKNOWN
PRSMJOHNSN.NS,UNKNOWN
PRUDENT.NS,UNKNOWN
PRUDMOULI.NS,UNKNOWN
PSB.NS,UNKNOWN
PSPPROJECT.NS,UNKNOWN
PTC.NS,UNKNOWN
PTCIL.NS,CAPITAL_GOODS
PTL.NS,UNKNOWN
PUNJABCHEM.NS,UNKNOWN
PURVA.NS,UNKNOWN
PVP.NS,UNKNOWN
PVRINOX.NS,MEDIA_ENTERTAINMENT_AND_PUBLICATION
PVSL.NS,UNKNOWN
PWL.NS,UNKNOWN
PYRAMID.NS,UNKNOWN
QPOWER.NS,UNKNOWN
QUADFUTURE.NS,UNKNOWN
QUESS.NS,UNKNOWN
QUICKHEAL.NS,UNKNOWN
RACE.NS,UNKNOWN
RACLGEAR.NS,UNKNOWN
RADAAN.NS,UNKNOWN
RADHIKAJWE.NS,UNKNOWN
RADIANTCMS.NS,UNKNOWN
RADICO.NS,FAST_MOVING_CONSUMER_GOODS
RADIOCITY.NS,UNKNOWN
RAILTEL.NS,TELECOMMUNICATION
RAIN.NS,UNKNOWN
RAINBOW.NS,HEALTHCARE
RAJESHEXPO.NS,UNKNOWN
RAJMET.NS,UNKNOWN
RAJOOENG.NS,UNKNOWN
RAJRATAN.NS,UNKNOWN
RAJRILTD.NS,UNKNOWN
RAJSREESUG.NS,UNKNOWN
RAJTV.NS,UNKNOWN
RALLIS.NS,UNKNOWN
RAMANEWS.NS,UNKNOWN
RAMAPHO.NS,UNKNOWN
RAMASTEEL.NS,UNKNOWN
RAMCOCEM.NS,CONSTRUCTION_MATERIALS
RAMCOIND.NS,UNKNOWN
RAMCOSYS.NS,UNKNOWN
RAMKY.NS,UNKNOWN
RAMRAT.NS,UNKNOWN
RANASUG.NS,UNKNOWN
RANEHOLDIN.NS,UNKNOWN
RATEGAIN.NS,UNKNOWN
RATNAMANI.NS,UNKNOWN
RATNAVEER.NS,UNKNOWN
RAYMOND.NS,UNKNOWN
RAYMONDLSL.NS,UNKNOWN
RAYMONDREL.NS,UNKNOWN
RBA.NS,UNKNOWN
RBLBANK.NS,FINANCIAL_SERVICES
RBZJEWEL.NS,UNKNOWN
RCF.NS,CHEMICALS
RCOM.NS,UNKNOWN
RECLTD.NS,FINANCIAL_SERVICES
REDINGTON.NS,SERVICES
REDTAPE.NS,UNKNOWN
REFEX.NS,UNKNOWN
REGAAL.NS,UNKNOWN
REGENCERAM.NS,UNKNOWN
RELAXO.NS,UNKNOWN
RELCHEMQ.NS,UNKNOWN
RELIABLE.NS,UNKNOWN
RELIANCE.NS,OIL_GAS_AND_CONSUMABLE_FUELS
RELIGARE.NS,UNKNOWN
RELINFRA.NS,POWER
RELTD.NS,UNKNOWN
REMSONSIND.NS,UNKNOWN
RENUKA.NS,UNKNOWN
REPCOHOME.NS,UNKNOWN
REPL.NS,UNKNOWN
REPRO.NS,UNKNOWN
RESPONIND.NS,UNKNOWN
RETAIL.NS,UNKNOWN
RGL.NS,UNKNOWN
RHETAN.NS,UNKNOWN
RHFL.NS,UNKNOWN
RHIM.NS,CAPITAL_GOODS
RHL.NS,UNKNOWN
RICOAUTO.NS,UNKNOWN
RIIL.NS,UNKNOWN
RISHABH.NS,UNKNOWN
RITCO.NS,UNKNOWN
RITES.NS,CONSTRUCTION
RKDL.NS,UNKNOWN
RKEC.NS,UNKNOWN
RKFORGE.NS,AUTOMOBILE_AND_AUTO_COMPONENTS
RKSWAMY.NS,UNKNOWN
RMDRIP.NS,UNKNOWN
RML.NS,UNKNOWN
RNBDENIMS.NS,UNKNOWN
ROHLTD.NS,UNKNOWN
ROLEXRINGS.NS,UNKNOWN
ROLLT.NS,UNKNOWN
ROLTA.NS,UNKNOWN
ROML.NS,UNKNOWN
ROSSARI.NS,UNKNOWN
ROSSELLIND.NS,UNKNOWN
ROSSTECH.NS,UNKNOWN
ROTO.NS,UNKNOWN
ROUTE.NS,UNKNOWN
RPEL.NS,UNKNOWN
RPGLIFE.NS,UNKNOWN
RPOWER.NS,POWER
RPPINFRA.NS,UNKNOWN
RPPL.NS,UNKNOWN
RPSGVENT.NS,UNKNOWN
RPTECH.NS,UNKNOWN
RRKABEL.NS,CAPITAL_GOODS
RSSOFTWARE.NS,UNKNOWN
RSWM.NS,UNKNOWN
RSYSTEMS.NS,UNKNOWN
RTNINDIA.NS,UNKNOWN
RTNPOWER.NS,UNKNOWN
RUBFILA.NS,UNKNOWN
RUBICON.NS,UNKNOWN
RUBYMILLS.NS,UNKNOWN
RUCHINFRA.NS,UNKNOWN
RUCHIRA.NS,UNKNOWN
RUPA.NS,UNKNOWN
RUSHIL.NS,UNKNOWN
RUSTOMJEE.NS,UNKNOWN
RVHL.NS,UNKNOWN
RVNL.NS,CONSTRUCTION
RVTH.NS,UNKNOWN
S&SPOWER.NS,UNKNOWN
SAATVIKGL.NS,UNKNOWN
SABEVENTS.NS,UNKNOWN
SABTNL.NS,UNKNOWN
SADBHAV.NS,UNKNOWN
SADBHIN.NS,UNKNOWN
SADHNANIQ.NS,UNKNOWN
SAFARI.NS,UNKNOWN
SAGARDEEP.NS,UNKNOWN
SAGCEM.NS,UNKNOWN
SAGILITY.NS,INFORMATION_TECHNOLOGY
SAHYADRI.NS,UNKNOWN
SAIL.NS,METALS_AND_MINING
SAILIFE.NS,HEALTHCARE
SAKAR.NS,UNKNOWN
SAKHTISUG.NS,UNKNOWN
SAKSOFT.NS,UNKNOWN
SAKUMA.NS,UNKNOWN
SALASAR.NS,UNKNOWN
SALONA.NS,UNKNOWN
SALSTEEL.NS,UNKNOWN
SALZERELEC.NS,UNKNOWN
SAMBHAAV.NS,UNKNOWN
SAMBHV.NS,UNKNOWN
SAMHI.NS,UNKNOWN
SAMMAANCAP.NS,FINANCIAL_SERVICES
SAMPANN.NS,UNKNOWN
SANATHAN.NS,UNKNOWN
SANCO.NS,UNKNOWN
SANDESH.NS,UNKNOWN
SANDHAR.NS,UNKNOWN
SANDUMA.NS,UNKNOWN
SANGAMIND.NS,UNKNOWN
SANGHIIND.NS,UNKNOWN
SANGHVIMOV.NS,UNKNOWN
SANGINITA.NS,UNKNOWN
SANOFI.NS,UNKNOWN
SANOFICONR.NS,UNKNOWN
SANSERA.NS,UNKNOWN
SANSTAR.NS,UNKNOWN
SANWARIA.NS,UNKNOWN
SAPPHIRE.NS,CONSUMER_SERVICES
SARDAEN.NS,METALS_AND_MINING
SAREGAMA.NS,MEDIA_ENTERTAINMENT_AND_PUBLICATION
SARLAPOLY.NS,UNKNOWN
SARVESHWAR.NS,UNKNOWN
SASKEN.NS,UNKNOWN
SASTASUNDR.NS,UNKNOWN
SATIA.NS,UNKNOWN
SATIN.NS,UNKNOWN
SAURASHCEM.NS,UNKNOWN
SBC.NS,UNKNOWN
SBCL.NS,UNKNOWN
SBFC.NS,FINANCIAL_SERVICES
SBGLP.NS,UNKNOWN
SBICARD.NS,FINANCIAL_SERVICES
SBILIFE.NS,FINANCIAL_SERVICES
SBIN.NS,FINANCIAL_SERVICES
SCHAEFFLER.NS,AUTOMOBILE_AND_AUTO_COMPONENTS
SCHAND.NS,UNKNOWN
SCHNEIDER.NS,CAPITAL_GOODS
SCI.NS,SERVICES
SCILAL.NS,UNKNOWN
SCODATUBES.NS,UNKNOWN
SCPL.NS,UNKNOWN
SDBL.NS,UNKNOWN
SEAMECLTD.NS,UNKNOWN
SECMARK.NS,UNKNOWN
SECURKLOUD.NS,UNKNOWN
SEJALLTD.NS,UNKNOWN
SELMC.NS,UNKNOWN
SEMAC.NS,UNKNOWN
SENCO.NS,UNKNOWN
SENORES.NS,UNKNOWN
SEPC.NS,UNKNOWN
SEQUENT.NS,UNKNOWN
SERVOTECH.NS,UNKNOWN
SESHAPAPER.NS,UNKNOWN
SETCO.NS,UNKNOWN
SETUINFRA.NS,UNKNOWN
SFL.NS,UNKNOWN
SGFIN.NS,UNKNOWN
SGIL.NS,UNKNOWN
SGL.NS,UNKNOWN
SGLTL.NS,UNKNOWN
SGMART.NS,UNKNOWN
SHAH.NS,UNKNOWN
SHAHALLOYS.NS,UNKNOWN
SHAILY.NS,UNKNOWN
SHAKTIPUMP.NS,UNKNOWN
SHALBY.NS,UNKNOWN
SHALPAINTS.NS,UNKNOWN
SHANKARA.NS,UNKNOWN
SHANTI.NS,UNKNOWN
SHANTIGEAR.NS,UNKNOWN
SHANTIGOLD.NS,UNKNOWN
SHARDACROP.NS,UNKNOWN
SHARDAMOTR.NS,UNKNOWN
SHAREINDIA.NS,UNKNOWN
SHEKHAWATI.NS,UNKNOWN
SHEMAROO.NS,UNKNOWN
SHILCTECH.NS,UNKNOWN
SHILPAMED.NS,UNKNOWN
SHIVALIK.NS,UNKNOWN
SHIVAMAUTO.NS,UNKNOWN
SHIVAMILLS.NS,UNKNOWN
SHIVATEX.NS,UNKNOWN
SHIVAUM.NS,UNKNOWN
SHK.NS,UNKNOWN
SHOPERSTOP.NS,UNKNOWN
SHRADHA.NS,UNKNOWN
SHREDIGCEM.NS,UNKNOWN
SHREECEM.NS,CONSTRUCTION_MATERIALS
SHREEJISPG.NS,UNKNOWN
SHREEPUSHK.NS,UNKNOWN
SHREERAMA.NS,UNKNOWN
SHRENIK.NS,UNKNOWN
SHREYANIND.NS,UNKNOWN
SHRINGARMS.NS,UNKNOWN
SHRIPISTON.NS,UNKNOWN
SHRIRAMFIN.NS,FINANCIAL_SERVICES
SHRIRAMPPS.NS,UNKNOWN
SHYAMCENT.NS,UNKNOWN
SHYAMMETL.NS,CAPITAL_GOODS
SHYAMTEL.NS,UNKNOWN
SICALLOG.NS,UNKNOWN
SIEMENS.NS,CAPITAL_GOODS
SIGACHI.NS,UNKNOWN
SIGIND.NS,UNKNOWN
SIGMA.NS,UNKNOWN
SIGNATURE.NS,REALTY
SIGNPOST.NS,UNKNOWN
SIKKO.NS,UNKNOWN
SIL.NS,UNKNOWN
SILGO.NS,UNKNOWN
SILINV.NS,UNKNOWN
SILLYMONKS.NS,UNKNOWN
SILVERTUC.NS,UNKNOWN
SIMBHALS.NS,UNKNOWN
SIMPLEXINF.NS,UNKNOWN
SINCLAIR.NS,UNKNOWN
SINDHUTRAD.NS,UNKNOWN
SINTERCOM.NS,UNKNOWN
SIRCA.NS,UNKNOWN
SIS.NS,UNKNOWN
SITINET.NS,UNKNOWN
SIYSIL.NS,UNKNOWN
SJS.NS,UNKNOWN
SJVN.NS,POWER
SKFINDIA.NS,AUTOMOBILE_AND_AUTO_COMPONENTS
SKIPPER.NS,UNKNOWN
SKMEGGPROD.NS,UNKNOWN
SKYGOLD.NS,UNKNOWN
SMARTLINK.NS,UNKNOWN
SMARTWORKS.NS,UNKNOWN
SMCGLOBAL.NS,UNKNOWN
SMLMAH.NS,UNKNOWN
SMLT.NS,UNKNOWN
SMSLIFE.NS,UNKNOWN
SMSPHARMA.NS,UNKNOWN
SNOWMAN.NS,UNKNOWN
SOBHA.NS,REALTY
SOFTTECH.NS,UNKNOWN
SOLARA.NS,UNKNOWN
SOLARINDS.NS,CHEMICALS
SOLARWORLD.NS,UNKNOWN
SOLEX.NS,UNKNOWN
SOMANYCERA.NS,UNKNOWN
SOMATEX.NS,UNKNOWN
SOMICONVEY.NS,UNKNOWN
SONACOMS.NS,AUTOMOBILE_AND_AUTO_COMPONENTS
SONAMLTD.NS,UNKNOWN
SONATSOFTW.NS,INFORMATION_TECHNOLOGY
SOTL.NS,UNKNOWN
SOUTHBANK.NS,UNKNOWN
SOUTHWEST.NS,UNKNOWN
SPAL.NS,UNKNOWN
SPANDANA.NS,UNKNOWN
SPARC.NS,UNKNOWN
SPCENET.NS,UNKNOWN
SPECIALITY.NS,UNKNOWN
SPECTRUM.NS,UNKNOWN
SPENCERS.NS,UNKNOWN
SPIC.NS,UNKNOWN
SPLIL.NS,UNKNOWN
SPLPETRO.NS,UNKNOWN
SPMLINFRA.NS,UNKNOWN
SPORTKING.NS,UNKNOWN
SRD.NS,UNKNOWN
SREEL.NS,UNKNOWN
SRF.NS,CHEMICALS
SRGHFL.NS,UNKNOWN
SRHHYPOLTD.NS,UNKNOWN
SRM.NS,UNKNOWN
SRPL.NS,UNKNOWN
SSDL.NS,UNKNOWN
SSWL.NS,UNKNOWN
STALLION.NS,UNKNOWN
STANLEY.NS,UNKNOWN
STAR.NS,UNKNOWN
STARCEMENT.NS,UNKNOWN
STARHEALTH.NS,FINANCIAL_SERVICES
STARPAPER.NS,UNKNOWN
STARTECK.NS,UNKNOWN
STCINDIA.NS,UNKNOWN
STEELCAS.NS,UNKNOWN
STEELCITY.NS,UNKNOWN
STEELXIND.NS,UNKNOWN
STEL.NS,UNKNOWN
STERTOOLS.NS,UNKNOWN
STLNETWORK.NS,UNKNOWN
STLTECH.NS,UNKNOWN
STOVEKRAFT.NS,UNKNOWN
STUDDS.NS,UNKNOWN
STYL.NS,UNKNOWN
STYLAMIND.NS,UNKNOWN
STYLEBAAZA.NS,UNKNOWN
STYRENIX.NS,UNKNOWN
SUBEXLTD.NS,UNKNOWN
SUBROS.NS,UNKNOWN
SUDARSCHEM.NS,UNKNOWN
SUKHJITS.NS,UNKNOWN
SULA.NS,UNKNOWN
SUMEETINDS.NS,UNKNOWN
SUMICHEM.NS,CHEMICALS
SUMIT.NS,UNKNOWN
SUMMITSEC.NS,UNKNOWN
SUNCLAY.NS,UNKNOWN
SUNDARAM.NS,UNKNOWN
SUNDARMFIN.NS,FINANCIAL_SERVICES
SUNDRMBRAK.NS,UNKNOWN
SUNDRMFAST.NS,AUTOMOBILE_AND_AUTO_COMPONENTS
SUNDROP.NS,UNKNOWN
SUNFLAG.NS,UNKNOWN
SUNPHARMA.NS,HEALTHCARE
SUNTECK.NS,UNKNOWN
SUNTV.NS,MEDIA_ENTERTAINMENT_AND_PUBLICATION
SUPERHOUSE.NS,UNKNOWN
SUPERSPIN.NS,UNKNOWN
SUPRAJIT.NS,UNKNOWN
SUPREME.NS,UNKNOWN
SUPREMEENG.NS,UNKNOWN
SUPREMEIND.NS,CAPITAL_GOODS
SUPREMEINF.NS,UNKNOWN
SUPRIYA.NS,UNKNOWN
SURAJEST.NS,UNKNOWN
SURAJLTD.NS,UNKNOWN
SURAKSHA.NS,UNKNOWN
SURANASOL.NS,UNKNOWN
SURANAT&P.NS,UNKNOWN
SURYALAXMI.NS,UNKNOWN
SURYAROSNI.NS,UNKNOWN
SURYODAY.NS,UNKNOWN
SUTLEJTEX.NS,UNKNOWN
SUVEN.NS,UNKNOWN
SUVIDHAA.NS,UNKNOWN
SUYOG.NS,UNKNOWN
SUZLON.NS,CAPITAL_GOODS
SVLL.NS,UNKNOWN
SVPGLOB.NS,UNKNOWN
SWANCORP.NS,CHEMICALS
SWARAJENG.NS,UNKNOWN
SWELECTES.NS,UNKNOWN
SWIGGY.NS,CONSUMER_SERVICES
SWSOLAR.NS,UNKNOWN
SYMPHONY.NS,UNKNOWN
SYNCOMF.NS,UNKNOWN
SYNGENE.NS,HEALTHCARE
SYRMA.NS,CAPITAL_GOODS
SYSTMTXC.NS,UNKNOWN
TAINWALCHM.NS,UNKNOWN
TAJGVK.NS,UNKNOWN
TAKE.NS,UNKNOWN
TALBROAUTO.NS,UNKNOWN
TANLA.NS,UNKNOWN
TARACHAND.NS,UNKNOWN
TARAPUR.NS,UNKNOWN
TARC.NS,UNKNOWN
TARIL.NS,CAPITAL_GOODS
TARMAT.NS,UNKNOWN
TARSONS.NS,UNKNOWN
TASTYBITE.NS,UNKNOWN
TATACAP.NS,UNKNOWN
TATACHEM.NS,CHEMICALS
TATACOMM.NS,TELECOMMUNICATION
TATACONSUM.NS,FAST_MOVING_CONSUMER_GOODS
TATAELXSI.NS,INFORMATION_TECHNOLOGY
TATAINVEST.NS,FINANCIAL_SERVICES
TATAPOWER.NS,POWER
TATASTEEL.NS,METALS_AND_MINING
TATATECH.NS,INFORMATION_TECHNOLOGY
TATVA.NS,UNKNOWN
TBOTEK.NS,CONSUMER_SERVICES
TBZ.NS,UNKNOWN
TCI.NS,UNKNOWN
TCIEXP.NS,UNKNOWN
TCIFINANCE.NS,UNKNOWN
TCPLPACK.NS,UNKNOWN
TCS.NS,INFORMATION_TECHNOLOGY
TDPOWERSYS.NS,UNKNOWN
TEAMGTY.NS,UNKNOWN
TEAMLEASE.NS,UNKNOWN
TECHM.NS,INFORMATION_TECHNOLOGY
TECHNOE.NS,CONSTRUCTION
TECILCHEM.NS,UNKNOWN
TEGA.NS,UNKNOWN
TEJASNET.NS,TELECOMMUNICATION
TEMBO.NS,UNKNOWN
TENNIND.NS,UNKNOWN
TERASOFT.NS,UNKNOWN
TEXINFRA.NS,UNKNOWN
TEXMOPIPES.NS,UNKNOWN
TEXRAIL.NS,UNKNOWN
TFCILTD.NS,UNKNOWN
TFL.NS,UNKNOWN
TGBHOTELS.NS,UNKNOWN
THANGAMAYL.NS,UNKNOWN
THEINVEST.NS,UNKNOWN
THEJO.NS,UNKNOWN
THELEELA.NS,CONSUMER_SERVICES
THEMISMED.NS,UNKNOWN
THERMAX.NS,CAPITAL_GOODS
THOMASCOOK.NS,UNKNOWN
THOMASCOTT.NS,UNKNOWN
THYROCARE.NS,UNKNOWN
TI.NS,UNKNOWN
TICL.NS,UNKNOWN
TIGERLOGS.NS,UNKNOWN
TIIL.NS,UNKNOWN
TIINDIA.NS,AUTOMOBILE_AND_AUTO_COMPONENTS
TIJARIA.NS,UNKNOWN
TIL.NS,UNKNOWN
TIMETECHNO.NS,UNKNOWN
TIMKEN.NS,CAPITAL_GOODS
TINNARUBR.NS,UNKNOWN
TIPSFILMS.NS,UNKNOWN
TIPSMUSIC.NS,UNKNOWN
TIRUMALCHM.NS,UNKNOWN
TIRUPATIFL.NS,UNKNOWN
TITAGARH.NS,CAPITAL_GOODS
TITAN.NS,CONSUMER_DURABLES
TMB.NS,UNKNOWN
TMCV.NS,UNKNOWN
TMPV.NS,AUTOMOBILE_AND_AUTO_COMPONENTS
TNPETRO.NS,UNKNOWN
TNPL.NS,UNKNOWN
TNTELE.NS,UNKNOWN
TOKYOPLAST.NS,UNKNOWN
TOLINS.NS,UNKNOWN
TORNTPHARM.NS,HEALTHCARE
TORNTPOWER.NS,POWER
TOTAL.NS,UNKNOWN
TOUCHWOOD.NS,UNKNOWN
TPHQ.NS,UNKNOWN
TPLPLASTEH.NS,UNKNOWN
TRACXN.NS,UNKNOWN
TRANSRAILL.NS,UNKNOWN
TRANSWORLD.NS,UNKNOWN
TRAVELFOOD.NS,UNKNOWN
TREEHOUSE.NS,UNKNOWN
TREJHARA.NS,UNKNOWN
TREL.NS,UNKNOWN
TRENT.NS,CONSUMER_SERVICES
TRF.NS,UNKNOWN
TRIDENT.NS,TEXTILES
TRIGYN.NS,UNKNOWN
TRITURBINE.NS,CAPITAL_GOODS
TRIVENI.NS,FAST_MOVING_CONSUMER_GOODS
TRU.NS,UNKNOWN
TRUALT.NS,UNKNOWN
TSFINV.NS,UNKNOWN
TTKHLTCARE.NS,UNKNOWN
TTKPRESTIG.NS,UNKNOWN
TTL.NS,UNKNOWN
TTML.NS,TELECOMMUNICATION
TVSELECT.NS,UNKNOWN
TVSHLTD.NS,UNKNOWN
TVSMOTOR.NS,AUTOMOBILE_AND_AUTO_COMPONENTS
TVSSCS.NS,UNKNOWN
TVSSRICHAK.NS,UNKNOWN
TVTODAY.NS,UNKNOWN
TVVISION.NS,UNKNOWN
UBL.NS,FAST_MOVING_CONSUMER_GOODS
UCAL.NS,UNKNOWN
UCOBANK.NS,FINANCIAL_SERVICES
UDS.NS,UNKNOWN
UFBL.NS,UNKNOWN
UFLEX.NS,UNKNOWN
UFO.NS,UNKNOWN
UGARSUGAR.NS,UNKNOWN
UGROCAP.NS,UNKNOWN
UJJIVANSFB.NS,UNKNOWN
ULTRACEMCO.NS,CONSTRUCTION_MATERIALS
UMAEXPORTS.NS,UNKNOWN
UMESLTD.NS,UNKNOWN
UMIYA-MRO.NS,UNKNOWN
UNICHEMLAB.NS,UNKNOWN
UNIDT.NS,UNKNOWN
UNIECOM.NS,UNKNOWN
UNIENTER.NS,UNKNOWN
UNIINFO.NS,UNKNOWN
UNIMECH.NS,UNKNOWN
UNIONBANK.NS,FINANCIAL_SERVICES
UNIPARTS.NS,UNKNOWN
UNITDSPR.NS,FAST_MOVING_CONSUMER_GOODS
UNITECH.NS,UNKNOWN
UNITEDPOLY.NS,UNKNOWN
UNITEDTEA.NS,UNKNOWN
UNIVASTU.NS,UNKNOWN
UNIVCABLES.NS,UNKNOWN
UNIVPHOTO.NS,UNKNOWN
UNOMINDA.NS,AUTOMOBILE_AND_AUTO_COMPONENTS
UPL.NS,CHEMICALS
URAVIDEF.NS,UNKNOWN
URBANCO.NS,UNKNOWN
URJA.NS,UNKNOWN
USHAMART.NS,CAPITAL_GOODS
USK.NS,UNKNOWN
UTIAMC.NS,FINANCIAL_SERVICES
UTKARSHBNK.NS,UNKNOWN
UTLSOLAR.NS,UNKNOWN
UTTAMSUGAR.NS,UNKNOWN
UYFINCORP.NS,UNKNOWN
V2RETAIL.NS,UNKNOWN
VADILALIND.NS,UNKNOWN
VAIBHAVGBL.NS,UNKNOWN
VAISHALI.NS,UNKNOWN
VAKRANGEE.NS,UNKNOWN
VALIANTLAB.NS,UNKNOWN
VALIANTORG.NS,UNKNOWN
VARDHACRLC.NS,UNKNOWN
VARDMNPOLY.NS,UNKNOWN
VARROC.NS,UNKNOWN
VASCONEQ.NS,UNKNOWN
VASWANI.NS,UNKNOWN
VBL.NS,FAST_MOVING_CONSUMER_GOODS
VCL.NS,UNKNOWN
VEDL.NS,METALS_AND_MINING
VEEDOL.NS,UNKNOWN
VENKEYS.NS,UNKNOWN
VENTIVE.NS,CONSUMER_SERVICES
VENUSPIPES.NS,UNKNOWN
VENUSREM.NS,UNKNOWN
VERANDA.NS,UNKNOWN
VERTOZ.NS,UNKNOWN
VESUVIUS.NS,UNKNOWN
VETO.NS,UNKNOWN
VGL.NS,UNKNOWN
VGUARD.NS,CONSUMER_DURABLES
VHL.NS,UNKNOWN
VHLTD.NS,UNKNOWN
VIDHIING.NS,UNKNOWN
VIJAYA.NS,HEALTHCARE
VIJIFIN.NS,UNKNOWN
VIKASECO.NS,UNKNOWN
VIKASLIFE.NS,UNKNOWN
VIKRAMSOLR.NS,UNKNOWN
VIKRAN.NS,UNKNOWN
VIMTALABS.NS,UNKNOWN
VINATIORGA.NS,UNKNOWN
VINCOFE.NS,UNKNOWN
VINDHYATEL.NS,UNKNOWN
VINEETLAB.NS,UNKNOWN
VINNY.NS,UNKNOWN
VINYLINDIA.NS,UNKNOWN
VIPCLOTHNG.NS,UNKNOWN
VIPIND.NS,UNKNOWN
VIPULLTD.NS,UNKNOWN
VIRINCHI.NS,UNKNOWN
VISAKAIND.NS,UNKNOWN
VISASTEEL.NS,UNKNOWN
VISHNU.NS,UNKNOWN
VISHWARAJ.NS,UNKNOWN
VIVIDHA.NS,UNKNOWN
VLEGOV.NS,UNKNOWN
VLSFINANCE.NS,UNKNOWN
VMART.NS,UNKNOWN
VMM.NS,CONSUMER_SERVICES
VMSTMT.NS,UNKNOWN
VOLTAMP.NS,UNKNOWN
VOLTAS.NS,CONSUMER_DURABLES
VPRPL.NS,UNKNOWN
VRAJ.NS,UNKNOWN
VRLLOG.NS,UNKNOWN
VSSL.NS,UNKNOWN
VSTIND.NS,UNKNOWN
VSTL.NS,UNKNOWN
VSTTILLERS.NS,UNKNOWN
VTL.NS,TEXTILES
WAAREEENER.NS,CAPITAL_GOODS
WAAREERTL.NS,UNKNOWN
WABAG.NS,UNKNOWN
WALCHANNAG.NS,UNKNOWN
WANBURY.NS,UNKNOWN
WCIL.NS,UNKNOWN
WEALTH.NS,UNKNOWN
WEBELSOLAR.NS,UNKNOWN
WEIZMANIND.NS,UNKNOWN
WEL.NS,UNKNOWN
WELCORP.NS,CAPITAL_GOODS
WELENT.NS,UNKNOWN
WELINV.NS,UNKNOWN
WELSPUNLIV.NS,TEXTILES
WENDT.NS,UNKNOWN
WESTLIFE.NS,UNKNOWN
WEWIN.NS,UNKNOWN
WEWORK.NS,UNKNOWN
WHEELS.NS,UNKNOWN
WHIRLPOOL.NS,CONSUMER_DURABLES
WILLAMAGOR.NS,UNKNOWN
WINDLAS.NS,UNKNOWN
WINDMACHIN.NS,UNKNOWN
WINSOME.NS,UNKNOWN
WIPL.NS,UNKNOWN
WIPRO.NS,INFORMATION_TECHNOLOGY
WOCKPHARMA.NS,HEALTHCARE
WONDERLA.NS,UNKNOWN
WORTHPERI.NS,UNKNOWN
WSI.NS,UNKNOWN
WSTCSTPAPR.NS,UNKNOWN
XCHANGING.NS,UNKNOWN
XELPMOC.NS,UNKNOWN
XPROINDIA.NS,UNKNOWN
XTGLOBAL.NS,UNKNOWN
YASHO.NS,UNKNOWN
YATHARTH.NS,UNKNOWN
YATRA.NS,UNKNOWN
YESBANK.NS,FINANCIAL_SERVICES
YUKEN.NS,UNKNOWN
ZAGGLE.NS,UNKNOWN
ZEEL.NS,MEDIA_ENTERTAINMENT_AND_PUBLICATION
ZEELEARN.NS,UNKNOWN
ZEEMEDIA.NS,UNKNOWN
ZENITHEXPO.NS,UNKNOWN
ZENITHSTL.NS,UNKNOWN
ZENSARTECH.NS,INFORMATION_TECHNOLOGY
ZENTEC.NS,CAPITAL_GOODS
ZFCVINDIA.NS,AUTOMOBILE_AND_AUTO_COMPONENTS
ZIMLAB.NS,UNKNOWN
ZODIAC.NS,UNKNOWN
ZODIACLOTH.NS,UNKNOWN
ZOTA.NS,UNKNOWN
ZUARI.NS,UNKNOWN
ZUARIIND.NS,UNKNOWN
ZYDUSLIFE.NS,HEALTHCARE
ZYDUSWELL.NS,UNKNOWN
